sensor_id,temperature,vibration,pressure,humidity,device_age,failure
1,66.21780831931537,5.332392719095154,204.6822734943624,70.36217965253388,5719.958782835928,0
2,106.55000144869413,11.754217052810446,198.79151962879993,77.80088383148234,8054.323292999863,0
3,91.23957592679835,17.71302504577535,462.50183220841467,45.02807392754994,7601.60929790159,0
4,81.90609389379256,15.180047955372101,199.81847993980244,67.49244597641993,1538.999046937737,0
5,50.921304830970556,16.518100661506097,208.7798904514524,64.30475898862491,1492.494697414739,0
6,50.91961642353419,13.858100600792913,403.75930496718547,79.96982260729627,2681.7436774491334,0
7,44.06585285177396,14.460978161321345,279.895936980216,84.36522362887564,3610.747263410372,0
8,100.63233020424546,17.285521728175745,410.6842227820725,30.729406288643208,4084.555814084826,0
9,82.07805082202461,6.494024159465347,126.14646302575409,70.44119514352755,6796.972168333453,0
10,89.56508044572318,10.809649345576528,295.02847746935373,33.11014794718374,566.8043216583541,0
11,41.44091460070617,5.98176995275284,113.44544007331305,62.931519904641355,346.7270422606639,0
12,107.8936896513396,19.778024143939646,125.0612813821418,47.25796374262069,3919.10562943909,0
13,98.27098485602951,18.99306811435904,462.57498133776437,48.40659597132847,6971.636921379804,0
14,54.863737747479334,2.709682604633106,155.69814844703808,51.177510207141395,1934.3534295648258,0
15,52.72774770449704,14.700353105282392,312.96827291008685,67.27754694297661,6415.044812562517,0
16,52.83831568974037,18.654469713481983,264.4382410402826,50.042997940126156,2598.281379402995,0
17,61.29695700716764,5.2503562122920036,238.93733050353708,73.96194303541682,8860.861088135163,0
18,76.73295021425665,12.22301414994733,459.933338274909,54.27164313443218,8956.899442666165,0
19,70.2361513049481,18.478789356584752,108.7293587101958,34.101192018597516,2972.8720428132647,0
20,60.386039813862936,2.611027614544379,365.51587447023564,77.02559054904643,2299.937539632405,0
21,82.82970263056657,14.553564810443119,485.35777368542017,47.14549947556236,4113.039720662313,0
22,49.76457024564293,7.352282132705914,324.0672733847368,55.96601277595576,2405.315851801487,0
23,60.45012539746527,18.639131516777546,474.7289848132367,71.12663299331409,6723.838432917037,0
24,65.64532903055841,19.47904841297662,120.9031517144095,49.94736942892272,8260.646845482855,1
25,71.92489889519251,18.99679680404181,267.5173276296646,33.39513936880294,6730.92130911217,0
26,94.96231729751095,10.535855899834347,204.06311638482046,52.43526282076881,8243.504472493494,0
27,53.97716475108518,17.516767717807642,392.32838599229194,86.66691496165821,3969.921622074741,0
28,75.9964106889528,17.201889173631265,492.51883619889867,68.50406383791349,1563.1697070886087,0
29,81.46901982034296,7.743808518378602,202.61202497769912,70.28874892003242,7379.5094739759215,0
30,43.25152889039984,16.920478534712192,361.6698405896298,67.9369292182584,3604.745051415539,0
31,82.5281396331007,2.666137424878867,179.23905310389605,41.93952833756621,6712.708252291325,0
32,51.936688658110405,12.732857812676954,326.13210182864395,55.10003184613681,2706.4394198176565,0
33,44.55361150896957,6.140159071178655,285.5729946753345,75.0563879017991,812.2963480667266,0
34,106.42198760773333,4.170203943991019,488.8021318526148,36.08237385318955,9925.817954877633,0
35,107.59424231521916,3.385157629325765,343.41090907858666,46.671166565382734,1562.015079305993,0
36,96.58781436815228,14.533197965806515,239.8025488347275,46.579146507951215,9884.209939634811,0
37,61.32296384213595,8.11774934782519,145.63831395517334,55.921135655670355,9772.799325664473,0
38,46.83704798044687,15.045801887517706,160.49873149397382,88.8221244565311,7938.181039080397,0
39,87.89631185585098,3.1764141343809627,190.12677198049403,34.05015280102931,6594.229620819976,0
40,70.81067456177209,7.675226080950986,200.3866645361192,61.1220596628357,5778.070502510847,0
41,48.54267643913452,11.71084326275607,440.2464231364551,40.76188092073263,8661.015453778347,0
42,74.6623837077889,16.233016967101342,324.48911531300996,88.24059272458464,2894.3952161948796,0
43,42.40719647806529,7.737545052777259,309.35636454974656,36.798210283647855,4676.8121248487705,0
44,103.65242814551475,13.266044775866163,145.90754874768697,54.21606014169548,6193.899693665019,0
45,58.11459871200118,17.94759946825137,444.055877339774,74.27309909007637,4111.904758694911,0
46,86.37655990477873,13.085537387281482,389.1257212833935,72.27326568164672,4274.864540902679,0
47,61.819775326258764,6.193270545565408,127.06734476000064,55.363718213635934,3302.846675020844,0
48,76.40476148244676,2.4392140680176846,383.1340388919075,50.79145007716309,5642.318166845361,0
49,78.26971955402958,17.661779730216736,317.41528693705845,53.85674271317224,8505.74528015116,1
50,52.93981188678689,2.3828493953069687,132.6901382987113,45.85657578951836,2015.2837800631285,0
51,107.8709239435191,17.74463010831559,283.3202566114626,42.31997632240799,9344.330387534414,1
52,94.25929763527802,11.520868412489815,293.8785148520188,58.9823818535334,6890.876537482297,0
53,105.76492590949324,18.90321857323213,166.30981606531032,46.112025364056436,8232.732126800302,1
54,102.63791452993541,16.378098243925976,478.2792588001129,47.247699893835005,5561.9069263001165,0
55,81.85299851677595,19.962813989600075,439.99014859226475,69.40536380847342,7795.167014240635,0
56,104.53119645161817,8.312812678130783,367.6089349316433,88.11223990199353,162.0039733946721,0
57,46.194475143634364,15.809389200760284,284.9182244002429,66.21823203356251,8183.804247795352,1
58,53.718800369340165,9.234756444966358,264.70621663380336,34.61876802389798,401.38859085366516,0
59,43.16591022373766,10.637761165470359,360.38938686038165,34.53501683124402,8899.133763628624,0
60,62.7731231534285,13.29509833793066,318.1727477627622,87.08539325073396,9919.627472386434,0
61,67.20741027826374,17.726188055354097,124.90924235275425,47.83744741844002,2940.6746217677783,0
62,58.99443222417271,19.713502445587313,305.0010595081327,35.52401916494853,2103.1855628579365,0
63,98.01162564063506,15.828921449561328,422.5614468931358,65.9426752290229,7653.633638580407,0
64,64.97273286855125,9.519802079012008,283.6959510387832,67.41892669741597,2530.2634092025323,0
65,59.66541567811665,9.584426040987264,120.78263102170737,68.91028920712128,8655.623831722034,0
66,77.9887258210774,15.276481428600047,414.5112797536132,46.04412167145248,1028.425921574767,0
67,49.86469574823339,6.297988623829442,180.54551285438976,30.9066410528685,1259.5519637935827,0
68,96.15378865278278,3.988534036365104,203.4483339552155,87.9009221672683,9791.515551006156,0
69,45.21854505758396,8.383198837533978,165.88254137291835,45.05358274146615,6738.388982700047,0
70,109.08208556203621,7.170301849773471,232.08602594859903,70.56157728315284,8468.872244289529,0
71,94.05713385076602,7.333546168207821,402.700602275454,72.39779219272258,3243.29377351518,0
72,53.91009770739207,6.204939518898379,307.7543438015749,66.60044502476914,6764.837495206044,0
73,40.386548198652164,2.757677413454514,181.95250966028502,48.77444365281889,5942.418273085972,0
74,97.0822999918384,2.3217308252014486,451.13203126081635,46.265775225843946,6031.50120122947,0
75,89.48001406933321,19.779003015248566,451.8327419806117,65.86009696216219,6825.324595377216,0
76,91.03050176286911,9.699916407245523,448.23137001840274,81.9657380167015,5753.591731290986,0
77,93.9889242680162,8.917879648874269,195.51848455261572,86.80402373540373,4290.62369302666,0
78,45.183125621386324,14.233651088475257,280.49573767239525,36.35434826422546,2759.226943805468,0
79,65.09260099809909,5.928569981571155,493.99586245635004,39.28971675586319,7685.813309132021,0
80,48.110834166759076,19.099301311104057,408.80499052399614,86.68417552698477,2262.724300031862,0
81,100.41723981129155,16.15421025947994,110.86696849022393,74.19211370008756,6923.543061544142,0
82,83.63086887792906,3.609398041620671,126.08183650419681,82.97962948978639,2333.3282264932664,0
83,63.16286173968544,9.516453964128711,285.5725507249331,42.15795804812059,6253.301699544539,0
84,44.44908452002166,17.824129536118964,463.68808234462404,65.25515226656411,7470.782671290289,0
85,61.76876252009635,19.005176401245386,315.4807191810857,72.06837566504842,2187.138889065392,0
86,62.76283254187229,10.413227202497655,299.1250032137161,70.80671312681835,599.4330086130828,0
87,91.07243248366449,13.041405005792738,142.18947998265224,54.48910145200189,1309.7374299417409,0
88,84.62902299486493,5.006611029657354,362.7120418897176,30.92369350147851,6059.969672710255,0
89,102.10489198034286,19.84103527046558,428.8412642400902,64.9755634082558,8494.464062257355,1
90,73.05504476133646,6.170090624901981,252.16800300302492,45.186092350776526,449.9682123542437,0
91,48.37159721568112,18.96917193443226,410.244740370131,57.01525476857342,7341.512590416462,0
92,89.92713510560965,13.693639681862631,485.7906615603246,87.45486090502904,3413.1864595005213,0
93,93.25495340318282,12.939262307819464,181.50658365107563,53.94211905854608,4785.283699195225,0
94,79.28940382986474,11.228393198297155,309.3318524778965,80.3880963998656,9288.595498455656,0
95,93.96770259681927,6.152056610919656,214.85518323383022,41.31243634495507,3319.7150473584547,0
96,74.56569174550735,5.177504576099149,417.14176761353576,70.34762988150173,4653.369339394861,0
97,76.59129805673959,5.968751763263157,331.03734635246303,88.6204172663366,136.82414760681104,0
98,69.92787128509848,5.3558887185965816,353.8329670201215,36.113586052376206,815.9872000483837,0
99,41.77933887208666,16.03252052420156,419.16566384635763,30.49919653363152,2585.9159113478404,0
100,47.552399889531316,8.302254665001142,258.38818906498193,56.014967557956865,278.52240821074406,0
101,42.200042998071396,3.0411681781411346,466.03602736281726,35.55752898308203,6313.75326048251,0
102,84.54872878846463,19.443847342534603,313.211546898456,74.90306098057388,4263.983568016225,0
103,62.004918675342864,17.908145929341664,163.1819291341392,84.87291983091353,5481.45202728022,0
104,75.5999483815292,18.699541097513833,378.359647267521,56.041258362525525,1746.4718589632955,0
105,103.5296531748265,19.908340807635835,417.3045401753018,45.52269852932646,2959.3202943661613,0
106,57.450456040421244,5.130114485950771,226.70467082701066,56.06419914039658,6638.244748527251,0
107,68.72680461249408,9.132356340247858,442.8717027995012,73.40686907100006,9653.027236303999,0
108,92.88857969801342,15.648292562673644,462.45730190630655,30.543249694822258,504.16773602209196,0
109,56.015871584413574,14.52837112496826,210.7617949511236,65.36723936908183,8903.84320855266,0
110,45.38859368801551,4.770126314117391,493.4085890860888,66.79750109324274,5768.812013112085,0
111,60.28260170396376,16.68499624983112,156.28461121950338,68.26129481375614,5639.195667556237,0
112,51.285490107780305,6.039930293059892,180.806267360996,44.52132479885263,5002.785352077603,0
113,105.07883566398012,6.028717066807215,173.68993569521047,72.84316340268761,693.9408590418338,0
114,96.56842656950919,11.665539612081444,457.59588400314817,35.483489179906584,898.7685173616067,0
115,84.33826295572965,12.672918827150657,361.71702092998476,41.95622018800805,6009.120056590861,0
116,101.00224131314025,12.441551741080602,160.84171328890915,82.64820279926892,3409.585714355583,0
117,96.257045382938,3.6467630731595877,276.12936734733955,74.32338904359398,9172.680665776807,0
118,53.05990412202251,17.794295527346847,346.1192100279208,30.824733240680715,4065.9053735947227,0
119,102.47912989429844,6.780800766596709,133.38563399575332,44.90257562218801,1432.814587026411,0
120,77.75395693409556,4.331268583090475,452.9665473629355,42.864388979589876,7147.18833502036,0
121,96.52081086148438,17.997465437641587,421.44141417661405,46.248379682218356,2933.5342144100982,0
122,102.72639099464453,19.20172696813556,302.0827094306553,44.85358621679318,5254.7030735589315,0
123,62.26024324803047,17.51829711077811,486.85064610366817,33.751577744570746,6978.327855051701,0
124,47.70363471693737,16.571289345047806,267.10439171003986,57.53643099580922,9002.641112020703,1
125,55.95546137793592,13.794355651502391,493.64412761459914,73.9640084871699,7921.911948016761,0
126,69.89754520383795,11.915432670964508,367.16799952145084,66.40390348304618,6763.610678727241,0
127,97.26103361457452,3.5657616784053827,353.8685093015766,70.37230011588478,6796.331823951436,0
128,100.25114082794404,9.352157835272576,166.381958118314,34.86895071217435,9459.246440320865,0
129,40.48664913718335,8.708393306221652,452.7711033218576,87.08944261060724,2958.2409749653602,0
130,75.7523111804296,6.675568107685872,270.9958751682461,80.30951003058149,11.120941961874076,0
131,69.21877022041453,15.021562046394529,164.89336231299174,78.30541910973976,2719.5455939819867,0
132,55.54754673295112,10.925763231417875,105.04300799030362,79.37902830250604,2178.91379626744,0
133,48.3905757133578,3.458831886337663,323.902273455353,85.96263048796568,6618.345851139982,0
134,63.63306199825396,5.963297635096604,310.95984884907057,62.655237966821865,6337.115997655291,0
135,106.00367927387634,14.298657745872728,387.7414489476634,42.016921072057556,5934.613827047238,0
136,62.62420524145287,3.3703554708254035,456.10322120712084,67.00701647115247,162.43443209453702,0
137,76.31534352203562,17.321724452877838,131.76263385721182,74.57288962007634,7287.780544506475,0
138,89.21132712266245,10.912637486251537,392.5985961361449,74.27504360124152,3235.3041248549152,0
139,65.45407216655057,10.650558391879663,174.9647776390329,61.286941450012804,6650.559890066311,0
140,108.02474579046725,12.663340123871317,443.2708212628656,34.10752316001468,5565.784285021533,0
141,107.37131064594779,16.844257386652686,427.62540554466244,52.26677630580767,3427.309254279072,0
142,57.62476070777549,8.260565742239475,316.31750199421776,85.24599650780144,1345.7626710410775,0
143,74.80739541246697,14.204290746063144,384.0971194493246,65.06693458544555,944.1889766048095,0
144,61.06148168717388,12.18317535192424,225.74004527349936,62.29991659534281,8315.183331122236,0
145,59.93883460642273,6.806508863049584,288.46715957312585,46.13121086293161,9183.97542081558,0
146,42.582086314817296,17.815339754392845,428.65475908418864,52.10693519499473,6497.880467642995,0
147,82.66950337859278,16.353668388924707,283.70607886928553,83.72076534919016,1034.3411486048337,0
148,75.1875316260203,13.852133023851659,243.1193061301767,69.98778285161015,4020.272168882407,0
149,43.60351258749925,17.310471123696352,297.68497890012,77.24322160513998,7289.392001051572,0
150,59.505252496562804,17.611295617276443,431.29970097488734,57.260725384059306,7798.208840100681,0
151,103.57861201766576,14.750533580870627,234.0832189483491,67.81483316736947,1182.186222910886,0
152,56.769332346688074,17.066239910546095,169.5046372542975,44.90301652459245,0.3071884538241587,0
153,50.14264104638562,14.554486310047105,384.80560813231233,72.32764981700917,7121.37045880605,0
154,74.26169321942942,14.242533891685408,430.39128508323273,55.65608002220024,3565.961759862056,0
155,108.99553178774205,13.135004807873317,140.25499140941332,56.55273088888474,2544.8133161826026,0
156,56.94386900580503,15.548899512037542,195.94964510237787,68.9593394746129,128.9746978952544,0
157,87.0494883184115,4.854891895275326,156.78879590439755,86.1768372881356,5402.994067614997,0
158,93.31337307301024,17.85567366558071,239.17656463286664,33.84038079651725,8511.507354259817,1
159,56.63462807946797,17.693183499414175,280.14039156216506,79.48459424082046,9576.31646272588,1
160,90.97514440283017,2.5264510946220646,399.5305347853226,47.54298662473158,5657.449506132893,0
161,65.74481929034772,16.86470151016573,360.45903395266964,56.63516727038267,5144.613277398942,0
162,84.26140814155056,4.319657614522013,348.37142699137246,31.31479972650054,850.5638548924111,0
163,84.34707975326262,8.032139376664555,240.94997864386175,48.06276467005878,5488.728015425998,0
164,77.50422788523309,15.38314861324894,436.579021233904,60.15787455780783,3799.7907896539464,0
165,46.32028390380858,4.8936781288695475,288.5148669592658,33.37056464084634,6071.352808835769,0
166,98.47117469124666,16.72340643414312,491.64197520606183,59.46574376298991,3887.263478765467,0
167,62.45460454802151,16.978415203239354,353.65685531829473,85.62663773150564,2402.9912345036673,0
168,53.0562957279898,11.134419207695052,150.50589662580109,36.323593086468314,949.652752283765,0
169,42.85425990883348,2.1149456909030047,370.4710248301736,75.86644368453025,3149.1844458889573,0
170,81.36250602317693,7.16668639714843,230.0416061726796,54.58026320255956,966.4483428775228,0
171,87.42950532895978,13.10468453076336,374.53087867443895,69.31042287146028,1768.9695082398393,0
172,41.16114802494993,19.661351204493624,127.8564592649623,45.614195879113765,9873.36158579546,1
173,75.84651408094967,13.372643486300031,169.95257487038376,39.5695357524815,4441.035569066186,0
174,55.85470426385566,6.676464459154876,442.2949035623145,39.627756856273585,5318.717665050165,0
175,85.1620953286615,13.412102655793005,190.87182280940596,34.22951673858868,8736.185287372153,0
176,52.2056500303494,11.7197368348854,434.816450097176,41.13880229407458,9955.689004906879,0
177,88.36564166717261,16.037217112720583,211.71043538176417,69.8531630993381,5827.144493446815,0
178,67.07147424103762,3.9256514988852516,357.1527640234831,82.90143671061048,8124.738210441717,0
179,105.57109921157142,15.698502245036504,377.6602294039324,78.84754113546971,3269.4102433667526,0
180,49.62646609021952,11.742798416169984,305.0619012580212,71.10805859246904,3057.439574472911,0
181,63.8746445735181,19.333856069461902,222.1242706786925,36.62591180466616,4027.037209945602,0
182,47.943146486841236,8.15369898869635,185.05775054843843,47.35124677775699,6725.072626736492,0
183,104.7285532794994,13.387194076411067,113.27574182497048,48.58841251934814,6821.9168925509875,0
184,101.41375473666866,18.776505899180314,221.57856049628953,44.997416783857275,3152.394346494508,0
185,58.05591394006089,3.8451751038322266,361.2651162125132,60.900339582583385,1332.0992413662868,0
186,86.19888322239254,18.87011277025612,475.32192737939306,62.13322889278035,6323.962564655086,0
187,97.20555401408511,14.38194300141464,448.4817929052208,51.41315851026661,1283.2586218876452,0
188,78.86405681196237,3.221067063893094,406.42591061412105,51.22734952418616,5784.925082293301,0
189,77.07554048492045,7.417344205042692,415.37893730131947,79.71333587436487,6934.22128056309,0
190,56.929660363031616,14.747097595615068,365.9939613903981,77.35757089918113,7006.114963944517,0
191,46.51719374641294,3.2123108264378906,204.1147430264012,48.46774990084474,7534.721106595967,0
192,102.80510305673288,12.47906828317292,462.87801228233195,84.82730663239556,8728.594215656645,0
193,103.02926400143313,8.225895025153221,368.2929247623336,87.16890102015037,4999.589919647884,0
194,84.31710200912875,13.176479319814588,324.17625239217597,49.60455252180245,7302.491895295711,0
195,63.73208537340905,2.8233566086252315,144.39578768539243,51.26549692758329,6191.727353658367,0
196,64.44467022288626,17.687662510742772,278.82221752257016,60.33804920531753,1866.3993979768256,0
197,90.81689752091675,19.522801445193146,284.14330848077054,86.46724875202041,256.8964486940817,0
198,102.79771819668039,19.439801395142446,445.82544380906796,82.57916598853869,2845.4138567693376,0
199,102.0960496985582,15.493732971372644,318.6592880751154,36.154077755015386,4430.337063376194,0
200,94.59128821003367,4.341552322351376,252.16021958816387,53.56384459628497,6171.059444286563,0
201,84.94221523080014,15.648737526722407,490.7201314042637,63.20227138498631,8499.593305032055,1
202,45.889797549653416,2.442564496258427,144.28823733052627,60.1879483530924,1962.4571670616565,0
203,51.31400998662296,2.3982239275219506,269.0193713247778,41.63178407621356,1255.497898984771,0
204,102.89879319689555,7.824983944691742,116.80987006856212,81.52900627008928,9634.799474743275,0
205,82.4500341761713,10.795577427283984,395.96164830677213,70.61644697981023,1080.4455937640712,0
206,40.64379361316408,15.867333520540278,467.23062087966025,80.27450249110822,4784.910701071892,0
207,47.103008000622246,14.299316778917094,212.01493182019578,81.52585676096834,5855.637287933018,0
208,86.4451238375639,10.02624871478147,443.33667071964834,74.90135121994439,5413.7442090743825,0
209,40.354310869235306,6.925279993069986,216.8872921847591,56.35263607498304,860.321570329432,0
210,51.256563599224904,19.9482410028388,464.3080646575661,66.63280530092547,570.2691400361937,0
211,78.41136525566102,9.671263440247513,401.5847614387136,39.62192436718459,1054.8342746103567,0
212,88.43266383848854,10.124966437934159,421.96271073657545,70.41872504849445,5855.876838726125,0
213,85.63728816518204,4.945228781450045,107.2026222401818,40.75519534435685,5443.448876343211,0
214,55.698851662239186,16.30657187749873,485.1241428296104,71.63697543060941,2337.4079203674423,0
215,89.8525454943275,14.486280064066795,390.6683968281293,43.775889645238124,6377.741418455916,0
216,56.607436124776,5.973853030197687,221.90043815445333,37.0530780090132,8200.675020556493,0
217,62.77797887114874,3.4828588210851685,431.7578659435388,39.91706940857745,415.7895984659377,0
218,92.25439835826168,14.248987437344836,212.608479365972,30.119528113144217,4981.299435480424,0
219,85.47430293330503,13.781201857060434,449.1015358264512,73.12437707121182,6893.104121026903,0
220,99.44563873459245,6.918671485967768,145.0321561647748,73.94406294350274,2523.119270696871,0
221,86.03290246102404,19.115544120507387,381.4743909843183,60.89600099479557,3077.709052931491,0
222,79.78160223348301,4.719042052056205,316.27939065796414,39.68176806332302,6136.379029893838,0
223,46.55723374796647,9.782026418766835,138.61378807817633,35.01326025064139,8979.35293443737,0
224,65.74010621416035,18.98508656301678,196.7575313035356,31.14773798623722,8099.244203028993,1
225,58.564165737720785,9.5550917046702,104.96161451092591,39.944890617913245,5831.302190995835,0
226,57.07927503653585,13.49346705795354,287.5071861858023,83.45133209898881,7302.217177572492,0
227,108.11073883267119,9.156699163330297,220.50610430400013,44.4922105021009,3648.224702077987,0
228,67.51684072667322,6.935873642276061,339.34299371910356,51.25627963303294,6409.6552809875775,0
229,102.44325886239793,19.71159766327691,218.8951230834469,36.32072906887999,4661.815911275569,0
230,84.1797038198084,9.368012113670774,219.96764460279388,43.34167828489022,1899.361364575609,0
231,95.6367912479154,18.09378566622442,397.27727949264136,61.15347424681231,7017.382738772571,0
232,75.18459651736345,6.139182906039551,119.25713439134138,66.46516098573915,5564.64637348822,0
233,80.38327192384514,5.835884672451499,461.1579980767949,44.72113884997266,3586.215819535914,0
234,74.47623856732048,2.5604134919212047,440.90554975647257,33.46392955350703,9113.391900786308,0
235,53.66700914586312,13.730002856765932,367.12187329056263,53.46197214764392,209.34117826733268,0
236,90.57164806830536,8.633474187027701,337.28862804295375,44.05220225558005,3157.73151249496,0
237,59.654065370859904,17.558448497113467,456.9209992558609,43.17323539378812,568.8139777764655,0
238,41.70211765020177,10.517778320448029,174.1320718114858,87.59176816280731,7665.273162216272,0
239,85.18306071350175,19.42748170246499,131.58766487633144,66.97802915554345,7021.074541137926,0
240,52.39774755849343,5.339459282656181,195.80406796381524,63.412706590325755,3313.5221873631704,0
241,105.832100904704,17.635217023200994,417.8313114800761,54.94650621139932,6756.629022070731,0
242,106.77500039018112,15.978743350251351,113.86810669059332,55.73666000580866,3959.3722619594982,0
243,104.0405073154314,15.876593203592936,333.1227340333959,62.45430023028485,7562.537914224343,0
244,65.9111090178811,17.20609810610398,498.17500647652395,71.78578842216643,4541.836627367061,0
245,41.08196315702072,15.69843183697398,442.27843753501577,72.12876577090977,4122.797278316655,0
246,104.98229938114078,13.271965789365478,308.5782756174358,40.30163446232697,9347.29915488301,0
247,69.972890382212,4.362407798282977,125.45636371465693,60.00676512459762,2508.790998907002,0
248,107.66583733305687,2.5854712308425345,432.54940575428395,54.71748570204612,1204.4733999656544,0
249,107.45339839624769,18.575261260682364,339.59140327088426,82.23161797616305,5845.431132594582,0
250,99.71066188271521,13.099705661373285,145.97319882382675,67.88513527310258,9693.218122841788,0
251,60.611422444870996,16.337671237571172,137.5429139293425,61.95024398495891,3778.3921372718664,0
252,66.95684100213477,10.6674023272259,463.85072777463694,36.923678530735046,620.3676362878152,0
253,99.57956700617999,4.111547401323101,367.68010517523135,66.3382733594047,3393.0526730956744,0
254,62.18454036093944,4.253344259645908,431.7147197267022,37.03223434081401,5059.316543195584,0
255,51.864492268026474,14.340175170121485,451.5915601129069,50.232394533945126,1619.230066322137,0
256,78.97608837208452,9.745506108190328,328.70894081932886,38.57051788885991,6581.022180564921,0
257,105.53083419125467,5.609445080606061,306.9785407020165,71.52441882146213,9977.493890102007,0
258,88.7220857672481,10.848701841345864,272.17096412839607,42.37512683016916,4517.394759814438,0
259,79.90428190625555,3.155760867352414,226.77863511644773,53.51156239128156,3547.2855673021263,0
260,46.8023545639538,12.475485234459178,273.8383843434847,83.74048665712672,4007.0416683446665,0
261,83.05050586894188,6.8418812798317585,409.55186229206254,42.25898300393822,1151.4617839520113,0
262,109.30376950729843,16.356063811469387,340.76937240605264,60.46830383752675,8832.736014262238,1
263,49.80588106655668,7.586515260624328,457.0093159819384,55.15629966996132,4148.25655521352,0
264,76.28307566546158,10.19396268347242,277.35200575167505,31.087442462743784,3872.744114248413,0
265,101.41611503495687,2.2091697183458114,342.8358314875016,77.56548681436877,6596.902729304743,0
266,91.85380324279431,3.30404398030206,352.5230212367955,34.142754378875985,4420.334209311235,0
267,88.79110186966875,9.064884015320327,336.67886492253024,58.45530125861721,6482.33468807846,0
268,89.17388587909764,10.638899024908223,381.05350923420656,63.640697696337,614.4629013078751,0
269,65.16438058538286,12.800369866147467,194.97338734992252,67.70558739687522,8137.233437222274,0
270,60.55142909851453,7.249926416767458,304.94551101831627,71.31789775847253,9405.039528794026,0
271,96.65528088349595,14.509673950277765,141.68992112333908,45.196343011362906,6487.65386159386,0
272,96.70793762754266,17.482203149405684,253.80453105792503,30.59872659950696,9545.659288588107,1
273,100.69506230060726,16.037317800080295,295.06682744850576,73.40661974129472,1514.323143699633,0
274,103.92683867895299,2.7131388562704286,360.889703818189,62.13939596085471,4774.161894803537,0
275,75.79396792026564,10.64912505064092,480.2124210344814,80.16706219243493,6018.067339454473,0
276,75.10614062810397,3.8887432115271476,340.26042661934235,79.28330177404166,5817.366474211867,0
277,95.88066252767426,6.356810285525494,397.4375664706239,80.59957006727299,4014.6177908904324,0
278,85.49747515444356,19.759926678808636,302.5064237980811,59.10567959877241,3380.844093662614,0
279,89.13768140803924,4.564919772227238,353.6416125505325,50.017703750211936,1268.240225504188,0
280,95.70548686052707,10.979986762124408,128.37288645350938,77.4934921554822,3917.424505622782,0
281,102.30037392722964,13.126803217726144,201.7566323367388,57.07764678175529,1626.6081510548513,0
282,63.65966097960751,14.64436946979387,244.74123728205547,41.006531784206075,7343.656764922184,0
283,66.29080668479608,12.073676302764454,288.9973420026054,81.29844117368846,2088.3093549459,0
284,46.57873578886083,2.175875253545306,118.25949820095349,82.95359260634083,585.6530528453385,0
285,80.47960986973217,7.876303548391854,156.00963902132708,57.97858536841021,5523.661378172344,0
286,42.515959165771946,11.318809580924805,210.72572311652232,34.54198363858725,5952.297327194016,0
287,72.59186126927221,3.5815969846070006,488.6130763604203,53.269565395015874,8719.130612805055,0
288,77.98512442953037,8.311284761765254,232.5388028412203,78.2122595677562,5769.816124176818,0
289,60.05788764897991,2.597655958244598,292.816423244833,84.10644171277372,3454.808537234457,0
290,81.35832823983075,3.4144129487903734,178.43908509535717,42.20836454985575,8030.118815263205,0
291,42.13501749573346,9.144618971628729,344.3120284303073,34.01841672151629,5402.788931874211,0
292,42.61437321244501,4.388883572775086,212.27328620638974,82.64102718797032,792.8028463119174,0
293,97.58203924617608,12.215735268708046,182.7970313753707,53.364296338732515,5658.505603132467,0
294,65.2133448987884,14.410369444470783,306.62905137839164,62.505657856053794,9080.185454216624,0
295,48.894235885631936,16.41056058396349,102.20231966416833,88.08394872304554,3963.1262549822054,0
296,76.5570282038363,5.6027043964065815,103.06561305969014,33.99388367485337,2963.258018998001,0
297,93.89954871690276,5.014686480663256,187.6275236407431,68.89908044712573,1434.6945701802006,0
298,55.10747192477902,3.8822211260192043,114.68854500032846,34.446325354492025,1514.4552193535733,0
299,83.60233330733001,13.45574449178546,143.21030165227654,52.52813570799002,4327.714843418189,0
300,45.97432254956376,14.71656307676422,235.54425973550065,78.22887271160681,5956.798241615295,0
301,43.617720481802536,2.5685506068615567,421.03427183192514,56.00833396533807,806.1540516960175,0
302,77.19482420977036,18.85182043238642,328.81945734772034,89.83094123417703,9395.685890251658,1
303,77.84445851270746,2.9354831057265036,305.06709038256656,63.54355709679613,7551.336174451959,0
304,84.62009310487446,11.743334035419268,217.39552928324866,49.269729158157205,5866.239182836627,0
305,90.82639336058631,14.763089350116495,472.70148777312653,43.20667955428519,8284.386709389908,0
306,108.30964556237743,17.67744422742954,258.80601649487664,51.03123205716971,801.8675681211329,0
307,76.14102438108367,14.853564778383701,134.8371067183086,52.35199642557305,4768.388777331244,0
308,62.606953105887214,16.431105495256254,346.8266064471205,34.12282066343766,6300.931268616634,0
309,95.66303363380925,8.110103465770509,145.53535739064057,52.174451965606394,8286.529061182893,0
310,58.95825758834519,16.66685204743722,238.08925712067685,57.85431118435349,7834.695600492677,0
311,70.72799944939453,3.442067234924153,302.9647754871236,73.36426513432828,2770.6924971339963,0
312,45.49194669395862,18.1066998090895,449.68900987407034,69.40376908329648,9408.801695592043,1
313,41.774552039082025,11.856662770767253,297.41863213604745,72.52593931374926,1243.4584143087036,0
314,107.38538902745475,16.711359859324887,380.9035064126657,30.501820912611425,8751.336186211522,1
315,98.51860843585442,10.141729121329403,497.12673559962815,43.06004397483216,9709.402496046185,0
316,88.71819442655885,13.58439851353745,152.59564795919266,69.70105730399139,1771.5352322262556,0
317,68.62670610899889,11.475247896850037,209.89261020780782,59.03936209078483,7220.660642037853,0
318,52.130602404959205,15.168611391595974,257.83043023905856,30.318808540100758,402.85518777998465,0
319,50.95059298697602,3.4693396765506126,268.73127141553255,78.26967854590934,4054.2282513915497,0
320,57.51700287152167,3.0863375118301484,264.4084301062183,76.36857439742025,5162.83299197674,0
321,78.44586652942843,6.447858212182636,463.04440102262197,62.90514977961376,5806.452259096341,0
322,90.02171458900436,4.87180424203739,385.61305778674256,33.987799546576326,9359.372482485594,0
323,86.21381637024119,17.692104198659628,343.1620856362815,75.99090297195508,6722.506872941947,0
324,59.595372786216004,5.945851772444797,223.74908714511284,65.02281526388184,4812.77951219237,0
325,106.84056964642359,19.565574604744363,429.5161536885179,76.91759862947755,8096.750362658893,1
326,91.65278416870379,8.064124251879923,482.0242045939956,75.10481954375042,9505.32820954409,0
327,78.80478367579805,5.278122482396587,428.4793130200906,78.18012431747023,220.66148682290842,0
328,82.82045223640466,16.214573128564624,100.62604207658916,61.08048398427749,9825.212722560387,1
329,69.3720043699453,13.85673995901577,354.56054807336284,38.4194710916109,861.3213906368034,0
330,57.34116926508102,10.967522896156503,120.45415257684029,70.26944840278132,8143.8677926876135,0
331,64.91808750558832,11.996543916877362,203.04288813348876,67.22842710311824,2803.3475255141248,0
332,93.04922773250584,14.945632008900748,123.80988013910867,74.53519123194523,1321.7965775387174,0
333,41.00754420408291,6.112185343963377,341.51818117975506,40.19286036304412,4398.556397138349,0
334,48.12508483548414,19.934010489021354,374.6359653970427,41.69851199401735,6439.565794476135,0
335,43.22018494152269,19.546276918642096,145.79505522636205,83.42457103315971,3809.51845023475,0
336,42.85101616232791,13.705862354244864,253.5355532179918,74.99866790712426,545.6540828269896,0
337,99.8822408807705,5.591764116724613,282.49460358221677,84.49370932201938,5994.611396587166,0
338,89.25605015660166,14.244108363763244,247.62120870436664,75.52291926983524,9024.032761106748,0
339,73.19216803611276,3.299571361625165,148.4100001940772,65.82931835941811,3832.153659472517,0
340,46.848391245570106,2.5517450397045094,267.57911607499017,69.24796422167242,2163.32777630827,0
341,74.41311125817826,6.638291993201847,400.47121912336723,83.3476754364006,4425.773459328154,0
342,73.1430239546396,10.327213221307694,128.4030658133022,64.72840527071642,483.6271104878087,0
343,52.124130893701064,17.62890509735085,132.07200563276137,67.94347945970324,8204.875844802747,1
344,70.36961544665812,15.089043255793545,241.9085167343937,39.38860296021603,8263.408109501868,1
345,67.89533140781614,15.368717381599659,476.69028464757,58.43527320696616,5880.004634296284,0
346,83.10950686365516,9.658880020065357,367.42905868916563,72.98382671748594,3531.0288893838947,0
347,84.45655556073507,8.226829865845332,371.4679826690259,46.25656189898193,7997.8336444578335,0
348,43.17128068404312,8.67869773372285,244.767996335146,42.13525083147209,5546.870247883672,0
349,66.22288302385299,19.77769214724904,337.46431648341536,48.82960849346493,8259.323085500162,1
350,83.81019409999655,2.7219654454246847,104.05247361109735,44.49003767957001,6314.587925830207,0
351,75.21953810060614,17.606566930204075,354.43841856381687,42.894758222183754,7844.054732127973,0
352,99.95428888318256,12.416157354303081,465.3147790304947,55.491050572085214,5985.6299321776,0
353,86.10855421332616,9.89507754541263,345.0293873379277,84.47031083301204,4141.410682156662,0
354,51.405409895700075,15.054637887472458,449.479437386538,60.4235788043231,9579.458599261376,1
355,44.93981231803009,10.76004094564465,389.5892221864375,41.275222848919384,5411.1382487884475,0
356,84.96934947444208,17.72161828546989,148.2233665614761,34.61830016285244,6050.895185405384,0
357,41.85579173791353,18.212633552202654,460.9813229143367,71.76936870827552,2204.8763941474926,0
358,81.00429068914244,9.590976683722197,126.57753774230996,52.967925866183265,6256.507894272765,0
359,105.81611689974703,6.982900350230929,313.58698901910554,79.30985679512156,5716.076494829438,0
360,80.28319245131152,12.66230591468052,156.85484951738306,69.5706461184462,1848.3839794702494,0
361,67.17189483445654,18.422540221100437,104.68264429236163,77.77448703248211,595.8709735314371,0
362,85.03017529096472,5.791919402101998,268.8137040510556,46.316762365106925,6043.593197147711,0
363,72.07770233440615,13.21339850414269,218.01628306166248,71.54153534766348,7636.922693503206,0
364,78.19317525211545,13.36808396166537,294.40019751904117,45.84371908162313,5234.013709220082,0
365,105.90253661435676,15.196034403475057,330.8799546938203,86.3441087670175,2267.726253196457,0
366,67.0271846460542,4.3682183322906765,117.49562892357895,68.18245689200246,6665.21976693035,0
367,107.283339467674,14.884849364277594,149.20131804949824,49.470708010520525,801.0572660960224,0
368,103.37454493692447,18.362585371981538,323.4569585801702,46.17071173753636,4418.337048019546,0
369,53.70537943525075,5.2342959596643555,237.2669412690633,41.45559510429861,1633.6675839842019,0
370,44.85529106126158,6.2757798486297975,391.6693950197792,71.67845753362366,1844.5905105988336,0
371,47.05446009641987,19.485111692749513,360.9166594367759,43.12293677987564,2022.9394915820365,0
372,41.27552779560848,5.257585148770816,438.2417451959627,65.71819595564935,3867.0705704397787,0
373,46.61100725291499,17.378931680652425,376.9971306676901,45.878101615521445,511.5020562039763,0
374,87.81047413914499,10.861001416064626,271.97243095605927,69.71813668763212,3977.934409290982,0
375,44.98320539221603,6.450159339257187,369.18664895777295,78.89638371243235,5117.074471147009,0
376,62.32829412056329,17.673498222905206,210.15246970216742,76.68151458867919,4832.942849663252,0
377,99.14127176786181,10.015494590047979,222.52539951128506,75.6510798558469,3827.8410040304057,0
378,41.62903550150781,11.266712370734423,415.5940639683173,41.263344341535124,8391.466080707525,0
379,97.0127937812255,8.466200649195782,278.5678065606329,35.30309681907112,1453.266924205041,0
380,59.729834234137996,12.673115325828693,419.352136207341,71.93692970924315,5056.96743781374,0
381,48.27153793351594,4.943429706530409,428.96894946731135,52.10083282766108,620.4141695655429,0
382,88.77160157549054,9.039467659731692,443.0249350645135,55.94077358420084,711.5567887790975,0
383,84.02599927459188,19.449421802035175,466.6540943364829,31.868945567603465,5738.658496770963,0
384,101.4230409468937,6.646401788620295,272.3940882053185,45.574586956502955,5660.1842488782095,0
385,91.454973066272,13.821259961743259,227.54672732845552,32.02058423246784,8780.335128444569,0
386,96.24366512693939,7.853421156044508,332.87949863764555,82.75114635607486,5578.7367566007315,0
387,59.742420079991454,15.922516262358812,248.46896937505102,44.60380099311183,9597.910204048501,1
388,52.4207680645806,4.355725892930296,340.4296667200932,63.44023017438048,486.9484839992977,0
389,92.54303261486008,19.456778811413805,382.2343450575298,32.33875923966782,980.0768478074107,0
390,96.47843174870849,10.168211744905506,375.3620073968547,70.01084347833948,440.65861570381395,0
391,109.33535994004713,6.248908340236351,249.82115480804853,49.38164074524563,1852.7685033354003,0
392,68.88323738379985,3.3229414519402276,166.7440806795011,83.87515121745994,5412.701109416781,0
393,66.04126600549482,5.055642291575733,272.211735384883,83.28709133604215,6455.72181427428,0
394,94.34890725193978,11.355931074008318,157.0376576327635,49.51743710170487,455.85157948668797,0
395,63.85624781771125,8.066057175763152,456.0388140735233,84.05765374142808,9459.708898455992,0
396,105.15301279224953,16.91990058588697,238.35098429514295,89.76946040992672,8421.65376650381,1
397,100.08889262901083,9.755975425912506,161.78389888932952,79.52493984743688,2966.124821570931,0
398,70.02958191625129,6.476856906577338,110.17910396230035,80.69228086531373,771.8753022646796,0
399,92.56097474540482,13.108609758872541,358.3289545145937,44.940524166545394,1698.8707321905727,0
400,92.81800118592776,14.721989903938024,354.7609269818973,64.60214393146538,1269.4441375497267,0
401,47.218670818515285,5.006754342217097,236.24166663251665,34.03535483804207,1232.8377929894684,0
402,103.17870346756968,5.017145893189718,128.6847555390604,35.69507620930018,5185.616886657339,0
403,75.36766607135,2.6600856848037733,263.8515579580928,89.93355672199743,2458.474424934003,0
404,97.85202262754191,15.255236271181529,224.48699802535742,49.598354965554655,3581.3971652914443,0
405,62.40347207214282,13.94848149719249,370.8482558940037,74.89103472293078,9895.053333843225,0
406,102.68662599473403,10.543355763496649,342.31169978107613,78.39990318160899,6843.142489253448,0
407,67.24411751139142,17.195068081445548,245.837491279016,81.48139626043375,9489.806670470014,1
408,40.75863560362089,16.502062753100958,187.15702170199603,89.85769784412939,1425.565550331156,0
409,103.37673834934846,12.53637855914154,495.21438646223675,44.48978911541207,3821.3947483256925,0
410,46.390067375029346,17.628883049238656,281.6006484784459,32.421049611581985,5547.318032823543,0
411,62.351954631329036,5.705141780661829,375.30969431209485,54.67149107967516,767.5806188873802,0
412,106.50433769355635,4.014553149159102,156.2211870313443,37.804840189736815,41.87443627957865,0
413,106.54250028562893,6.855493007305813,294.2358798637591,31.345553349723307,6704.343337969175,0
414,80.14065216863003,3.0275634096076676,111.0146879477862,51.625609628489165,6418.195168014354,0
415,84.22860485188595,11.561051504018575,302.18204716417995,77.02429506451418,4107.8880999961175,0
416,71.39118653848239,18.858902461309306,485.6069628470809,63.97084147350425,4896.440760320326,0
417,60.52475401886451,2.7081837320331736,253.6826851943201,48.76667935262124,4154.430005920896,0
418,63.006518175894115,4.197978452180482,115.59840502996464,69.26052032956318,240.05044844888857,0
419,87.0762919253927,10.139582509101835,112.38231636773742,43.92109081852864,3353.7160621746243,0
420,92.66621706063759,18.80975031550229,255.19470397874778,30.8628867643251,1770.8225539728983,0
421,95.4105330608094,7.690809889581509,164.00997458527763,75.86120318618563,984.2418910136875,0
422,95.27326999561878,11.130226556391063,109.34083853127436,67.42458509184056,9567.204338893498,0
423,46.38442721340833,2.7483114629070577,402.48544558007075,75.7381574700576,5993.597250421656,0
424,74.6094213291807,4.6701776173175995,283.40920355275625,32.336281001259934,7286.562842366026,0
425,44.0291132011651,19.759342213259245,215.6979087890618,80.22717766983914,3153.637432661175,0
426,78.46702176266149,19.37213653584882,460.0332732065923,67.17157200217821,3931.471294940152,0
427,70.90713509613639,2.088919656819373,146.45558408021026,63.80372104275841,2369.2399389672346,0
428,102.13929279308098,19.132612137618302,482.3675315821277,67.47684288687189,969.6567096542475,0
429,64.5640508786455,13.504158880679007,225.58668695094113,81.86599481210185,1790.3163744158378,0
430,48.19469114993241,17.622529301360398,455.3614689234725,65.21619039353442,7975.140452964858,0
431,50.009417743698506,10.185317401409463,341.17715059178465,64.85702279329075,6775.458051837758,0
432,93.30574422022306,11.280728514426505,430.68294389659496,89.44074942394595,5469.288759854769,0
433,83.27526443213827,10.799238444624564,493.6052652841857,75.40381002411408,4750.898728667681,0
434,47.07858732859532,14.003556635829877,215.3621751274983,56.53762832706812,9224.342836561245,0
435,45.88747642804982,4.513722585613632,484.4541941630372,72.44382000197567,727.349477786684,0
436,89.0678392021384,2.539524617708203,255.79275796096815,53.353828301507306,2806.0081323791596,0
437,45.09341044549355,7.5427389486414365,254.20476189476892,43.73252774900994,3499.3785357071406,0
438,97.53020415032493,14.684253729259641,236.15484170180227,65.81111261326556,7824.258122127879,0
439,89.43695590095473,5.63336213821307,316.56304293903406,85.69092588683708,9925.146201619713,0
440,45.69441464493298,14.121783799848512,161.65801727139484,85.74837120092776,2406.7051475715307,0
441,45.938639985963434,19.45841682993087,321.4845941432045,50.51431668632942,8743.073341370806,1
442,109.06477049508229,3.690212884209531,316.6819249640016,61.6606479733017,8306.227604317914,0
443,66.19895570292843,14.106838128052273,404.760725041948,42.69815391419167,2246.573976417666,0
444,65.94495029468237,9.987503947482281,433.45998477503423,89.737866569933,3993.325801992226,0
445,96.89596970802518,17.626560578795097,276.1765401249696,88.86707447207614,4096.728692925191,0
446,106.30740041687011,5.188696210052946,220.9332997405975,68.97053578244683,9782.206685265583,0
447,109.02007446760096,14.46726714007096,203.73395892683777,78.2648435806484,1808.9190137889832,0
448,92.73647296812592,17.086075213665985,177.84953468194877,72.906009677022,7991.579711047821,0
449,66.3381709871641,19.003055950532417,123.05903287960996,65.5894931423681,3341.9271417310993,0
450,45.845050168906816,14.298464509213625,236.97919153388534,33.20087981933386,7308.703457761604,0
451,94.40028411492057,10.949145752151692,208.09907685231332,57.285860553159665,4200.110042956629,0
452,79.08829748150634,13.12125032362185,486.56695434656297,70.48717813004464,5783.5976311654,0
453,69.69554064728834,17.640289720616927,323.08353050001756,70.65189683302108,8326.117733261312,1
454,103.44480695663151,12.270975439498935,238.910815612203,52.387357105343014,8041.655649838842,0
455,47.7838237614306,2.5469670745430637,332.1870403974784,86.50151919948183,8664.231835397002,0
456,74.48375730036014,18.7570765191256,155.6786805382782,40.04142193420686,596.1732534465903,0
457,40.794755133719335,14.4114815185681,277.61749968088117,60.02156677293364,6920.505530397449,0
458,72.80624493958884,14.177240943990437,350.4937285684255,71.45303859304937,1399.8737672176287,0
459,43.94122929772861,5.882152743158909,295.55913271698057,71.82814835350855,4158.1856801841095,0
460,48.31725413876504,13.85993846418783,260.7115202617297,68.91833740612893,5485.8841505468845,0
461,48.22683727439734,9.089559301774852,497.53935555987925,46.51729280711161,4027.3948474683075,0
462,85.44472114812444,13.722193586746858,452.1259048595708,39.37239412119732,5196.116758030075,0
463,92.22314154857963,3.918674545543833,349.36238326377605,68.15641960960265,9965.263087986192,0
464,80.83581355680117,13.841215482854649,327.75094447291315,65.95812696836626,1352.1731371285473,0
465,107.35207839321794,19.989447063872,348.2641919298336,40.761360617354455,6754.560453364255,0
466,66.24094056665928,2.8678166994900085,180.52484312897332,72.3083487342338,3960.009663856152,0
467,59.99984603973025,19.58913531598371,258.05509730572743,57.31031950401939,1330.0979890732879,0
468,100.80193897326222,9.32434329301167,115.78381315635973,70.06563549618917,1587.3676337430952,0
469,55.65170869636168,17.673562106070666,290.21841499473067,80.24202478620904,9492.731062456169,1
470,107.4255777608428,16.08293871304892,317.20983358306523,40.183705714615385,8796.01496711762,1
471,40.850813228287144,12.20629269776002,191.09989444128382,31.1486920798102,9070.419604150218,0
472,107.89151786953474,15.292085766523877,485.6115388662055,76.7461551837472,9915.327758273865,1
473,43.02119383654033,17.813280103424262,463.7818443748968,66.58184550915695,2083.1539000851794,0
474,102.38001795886498,9.274525789718593,388.85729418236235,71.97837417732731,3554.3933736406175,0
475,76.93907763604099,7.886596908138296,313.35465150614505,80.28929849931856,6692.190299248667,0
476,109.50753572835103,14.016680940144525,447.98766385907396,78.16865608947003,4838.025398606473,0
477,45.16575953147792,16.541226954942655,152.26093752938516,87.65520881572948,4183.895333783335,0
478,78.76979990809245,15.721132425979084,416.203917709954,62.156104731127094,3578.1124933559304,0
479,107.85117749333693,16.36064567945542,149.92832558673933,59.30973795959432,5937.806319434522,0
480,76.61684909191041,9.840499666632795,417.68426501976217,54.113231993443804,5755.93428640082,0
481,84.05790466946837,16.721015891150387,210.30702730054279,39.22146257065227,1614.5783406424007,0
482,88.7024082289232,4.163762996670952,450.8362324072756,64.35643397292134,4717.398375184391,0
483,71.81787453374412,11.800803763295292,477.61683753015916,46.620751459558726,5534.7177620984985,0
484,83.92906560588443,2.1036558889661885,159.51838776204625,85.27845073277854,5702.869387313905,0
485,80.90200183461701,7.842544938204865,285.0702420261574,64.99144825662586,2101.071929123518,0
486,103.08106073436923,8.596307627685162,492.39495126507404,65.57041083048661,7422.7139225228675,0
487,43.18124662390205,9.131108448966597,293.3629743892586,51.2954796526206,251.99094821069633,0
488,59.66742327145612,14.51840972041752,445.41900900581805,33.11936111866245,3548.3185554316265,0
489,106.52880388535911,8.994045822866223,335.49260885252795,31.904625922379317,7802.126485356335,0
490,102.31846487236413,10.076485207205552,250.13196316784075,55.40010864919185,5638.9292105540235,0
491,71.8959726949999,6.275794355737895,214.31342221034808,35.07392268583427,2611.6243251086025,0
492,83.40928184610758,8.71853224932812,181.2892364344349,66.41081733240836,6949.531193430477,0
493,59.41668280867928,6.090853290736726,404.7192765510789,82.85838033837945,5673.909441560734,0
494,53.16848118066329,3.3175266278319855,254.61620272921115,82.97488899112332,7962.436094563872,0
495,72.45888834579875,12.862074680864803,304.51018488030047,69.54272460793393,7350.251861898234,0
496,64.7346559618237,14.027830373990293,296.93019200047274,42.67390988837586,6101.079220362347,0
497,80.85592782956104,13.150826228173061,330.9116116932525,81.77980988153232,4881.77675310814,0
498,45.44142458754894,10.342892788410303,446.23085824982087,83.16560611879248,1331.821256675234,0
499,108.20763653663165,8.836144043226136,492.29573743337176,41.79921509717752,2613.330178853838,0
500,109.0347521135722,17.540005692292855,263.0336834295268,74.24556514624064,4190.994729170853,0
501,88.87131998138216,11.343472132451925,431.0075688425212,47.19117293562738,5992.992870063887,0
502,77.52674564408844,10.625273797335158,405.81111786188706,78.15841874117578,5137.078552153048,0
503,61.66693314004294,2.4615571845158426,329.4115805822293,89.83427399421616,2881.845259595295,0
504,96.96565137948642,8.142460897270814,482.41885744477327,31.801560319763567,64.6435778971055,0
505,87.93118207877154,8.843521138145427,180.18980621136112,83.84195194745593,4962.392219008139,0
506,51.38318575414239,9.178810056144208,143.70568412384856,67.35783201591948,2856.259885622431,0
507,103.76490291456898,12.443102646091981,441.58478678216886,88.40295714988926,7346.083007105351,0
508,97.57760700462183,11.604845841083812,275.6599266534993,57.90057105158566,239.4626527048349,0
509,106.48599393043469,12.942291670282003,438.7875416828242,80.84327583428242,5848.278113057909,0
510,90.8003655871852,15.76789870775831,457.23608207816596,33.743644115896636,9414.742375060654,1
511,82.93906371550528,16.633743296889683,124.98303744762858,50.11674300469774,1744.092671114995,0
512,69.27701254034332,14.9262153720769,453.38590519442425,34.0209922650726,4716.494907505954,0
513,105.29099383478093,19.199426527188823,279.32762214776886,88.52058800874423,914.2199181713817,0
514,100.62447226502859,2.3281864881745093,304.1729956016929,79.0184344363102,6256.819122613526,0
515,43.16530690743326,5.5240037423038295,350.6370044372841,81.15284527475822,5505.316805962256,0
516,41.84568821480764,2.136131749606558,470.5530426920347,86.27791388603364,4073.6552421283236,0
517,66.35243568146348,13.654544854782854,107.64643777190561,35.10620916718712,5213.770214737412,0
518,96.7387331547283,18.164549881099763,290.73738732712684,53.1358555508,8965.746584690101,1
519,109.1093290520461,6.382681338373387,375.08881697222427,34.26209334264013,1962.9430231106703,0
520,50.52918237724697,18.68662180633352,389.0827830792914,42.64758609300172,225.64511705347235,0
521,81.58915007464947,3.084813025212095,377.0129726148432,43.76194662226034,8616.64884699101,0
522,66.66235996417151,18.819848482499257,153.77405176324874,58.14643266285472,5771.170823879065,0
523,107.89400784702222,8.32920837031342,219.75823534867249,46.11373004721855,8906.584554618425,0
524,98.9483246194996,3.825574912085897,243.4862101668054,36.058686409065665,5969.452234131726,0
525,98.68300932977965,10.745691665353862,421.774883071802,40.04946534564646,8101.610899597024,0
526,72.80852118564792,6.621978218969143,211.50394896582122,38.836533813125456,4296.733633551479,0
527,69.03736516363657,7.127712235314611,184.28198554688126,88.3846078747379,7498.599312882688,0
528,59.13849503514943,7.531219368673158,482.97920761523847,75.55755041510841,9130.41466889856,0
529,43.9462847655649,16.45446616098794,103.54531404538756,88.06568791617372,5721.229637222063,0
530,100.53056633785373,11.70490298015458,499.12834227279126,56.38442919047451,1807.8515056237954,0
531,96.90307063910544,7.603538584808065,370.7285195429582,46.702108899759395,2687.9761503019818,0
532,109.98023713002914,12.98600809959653,431.38771977964683,77.8975918325512,1986.4457689740577,0
533,109.76457859517338,14.890712136017484,217.84775853847725,49.57523508246881,2468.570275957329,0
534,78.88021939218392,6.907232013203608,105.72611106682399,47.9630024223209,3064.154493510364,0
535,93.82911906263573,9.443883827456327,395.14780742461204,43.950359532469875,5551.3378675318845,0
536,106.13360109176996,4.193949680065056,433.6578388002703,37.78073869345412,5879.916294638328,0
537,99.47531734741881,5.260688291624246,396.19045278140766,45.387783661005955,4264.997472418611,0
538,57.31436712202384,14.26012137136969,157.14011492033544,51.31918490843326,6154.207798208355,0
539,71.53808947170654,5.265890258521285,401.37116890278764,70.43965248874383,815.7492561136593,0
540,49.04115906060465,11.452940906007083,407.5691128430564,33.753890533167095,877.8823705815997,0
541,106.78357190811056,14.762832711003789,363.41620626802194,42.630416379920575,1718.2946035765844,0
542,82.4322244115616,3.9237846157053893,406.4463731182345,78.54141841750058,5180.774980403447,0
543,56.00499638524239,12.211619953320264,438.36857587109284,38.81531541502625,2139.9467869831356,0
544,87.01904790840997,6.618130106624548,345.4416456949834,50.55870879135129,2832.8440349257735,0
545,83.26897683205272,19.332683754276438,135.44188558787164,81.87953531148841,4003.1283617299405,0
546,65.07139026229883,10.703821640958646,295.0511238668844,39.29551866860656,8118.661240103798,0
547,47.94903145397403,16.507865895952847,131.059733868642,34.96421013709139,138.62135912860117,0
548,87.01012369149598,11.904077758812711,263.0172124129723,59.07227970480065,6493.788202366224,0
549,76.42153906326553,2.781425591386745,262.84259565025104,48.14517067671218,6688.765310406853,0
550,94.06228742149474,13.396724760692402,126.40393765609663,63.80450186903125,7986.557803566366,0
551,76.41144507783955,19.125260159719826,239.52821358779173,78.22829342900852,9327.529390603133,1
552,99.65270502229781,12.829012762633962,144.39923951652594,38.22890928916459,201.37848949289827,0
553,78.633478714214,16.745399469682223,423.29408400368885,64.84194507325711,1537.8370551321618,0
554,79.26565800747704,17.915716340271338,479.0752103857883,60.330525623391836,8861.71294055993,1
555,101.36575218608415,6.1054358950807845,128.92659010317544,38.64472716079197,4585.185621870153,0
556,68.2438006348678,5.81680711834808,482.0460829166806,67.43990913173894,5645.906389334635,0
557,49.38106599154485,12.997657799317851,309.03063973469807,46.4184250716463,6630.272037231473,0
558,42.014787341933726,9.398512456520685,219.82627118154954,59.27005911264075,6790.666044956374,0
559,92.85960789715332,17.117503451600967,130.74483011046541,34.93633945662371,9317.404033165081,1
560,83.42166859474253,18.2004162211642,300.24970722816715,57.57504343281738,9969.494174116697,1
561,89.28558376694565,8.361584827448926,417.80621779629945,48.38780808256922,7201.574609309402,0
562,54.90749130562375,6.263670061540677,382.83459090667924,79.34287267112126,2872.212092051508,0
563,49.54600329107389,16.049459274389513,120.09040458558951,33.4187236198421,8797.524022943437,1
564,41.018126596751735,6.946508639866449,129.1607341471614,55.1164364950998,492.20914540761606,0
565,64.54112911646179,16.80705773324621,261.1493130530548,57.50588544788628,2310.808528744962,0
566,81.29423807982431,9.62728856567773,218.1161976191773,73.50036457794712,8973.857174637149,0
567,67.45708315698127,14.015898187246469,192.95372922241913,64.45725450541266,2561.9151443935493,0
568,70.62324454166104,3.719635649024027,212.40179956348544,70.03274023165086,2206.510596217485,0
569,103.29110861456239,13.229467844178314,421.39309731875386,76.62295713910537,1381.2529314024723,0
570,64.37788269163103,10.131818217270125,471.69122145274156,81.73217841949133,8591.117576469165,0
571,75.97926424118675,12.558952337158534,262.0410778110266,48.83252980334823,5000.582591910867,0
572,94.85571089188002,5.0242557394075416,462.44440085299885,62.28136232183418,6748.932030541548,0
573,67.75799476248892,15.263727408995278,228.5982804991528,80.40648470635199,2390.663840750297,0
574,83.54606901595115,17.530347395778115,290.57479453751665,89.36706785790338,7580.404210112165,0
575,100.36545961227216,5.901316401633961,190.4115991263999,83.37115866262579,7600.055449620985,0
576,106.46644365603495,3.722861999362911,356.1904168703376,52.28803575746261,3125.980249083001,0
577,50.295143665032654,2.425494548834055,491.59244606992354,41.709991033119024,4106.826330102828,0
578,104.86113376130461,13.555487007978789,341.39723841735145,59.36355224439532,2096.9027743020088,0
579,74.44814051556767,12.927692649598054,243.12563364541955,74.49848711016253,9765.610233229043,0
580,58.07710718092709,11.84055342885326,359.12697839621137,59.554144245197854,6456.025770584116,0
581,72.1395029366783,6.175047730087558,149.16827138615503,58.99085179882011,9345.438807155155,0
582,108.6022802699834,9.036307926299264,455.4636321061595,80.29382526490804,3033.855436291332,0
583,74.48326657950088,12.700574033351115,301.23358031193453,51.68422674403118,7818.909129968897,0
584,63.012612720125574,10.94180345946505,279.7398968158568,81.58768048869874,7658.58643884742,0
585,84.3380598021708,19.78013936386797,334.3459153814077,54.40828805710341,6916.556518665416,0
586,56.810193314473516,4.455915546021196,349.913545115761,49.69398634070036,9656.389752668005,0
587,45.310432967606474,14.512601972856688,128.71032249060522,57.23939467198194,3935.5533610631555,0
588,49.02158053374545,9.277737825877258,373.046888489361,75.7468175204921,1307.173235897573,0
589,48.96320872704407,9.707593068661065,196.77267212621183,37.56012167183965,6717.0885924406075,0
590,50.633188545860605,14.916759781847173,385.58105300263594,41.78515295232104,7293.098004772061,0
591,49.71790208545871,14.463850723838654,429.0139177536787,87.08668953978551,5750.605734588146,0
592,84.86123213622503,19.84260788663939,421.5834030210081,40.52949764288144,2068.1789313339627,0
593,52.731605907940136,4.311097210174254,321.0003869631556,64.06363907586328,5044.559416693553,0
594,64.19670983267042,3.873973688914994,308.06795692430046,64.75886799971627,3121.897365691294,0
595,102.77518869342083,15.03809870831734,157.1503845357647,59.37746772301469,4274.66528166689,0
596,73.17731481840107,12.410964506115363,410.1384601612542,68.68471491460912,6452.185758446639,0
597,86.72904169647191,6.934891998076505,208.56375217868575,43.789603547857105,7452.147426908346,0
598,52.06239098411409,3.429548641801759,298.67816912717865,63.15973606660489,2322.2469090134314,0
599,53.46023131660695,3.54184849273575,213.70963717100668,52.33039531481383,4053.2536064695337,0
600,42.86080313865352,18.09543574395413,153.53134519987725,69.70003557775135,2691.615709916292,0
601,51.82545441505152,5.453611844937372,351.8230787566946,38.47341260238897,1986.3161386186912,0
602,59.501323732237104,7.8206881180793735,121.73281392916152,64.25264501036858,7833.872199958384,0
603,52.39073389937228,6.079815240085784,399.45809365048,41.11622132299942,9092.526944369924,0
604,46.20917736299389,8.389933504974872,227.03471810444665,46.71858378690219,3702.3218568457673,0
605,48.44451097704206,3.2496291694296806,100.05387720179412,43.12258801941499,7512.789243737669,0
606,72.2545137622908,11.343076236348868,304.4516556948919,40.970266792129024,8969.952893644111,0
607,54.44336028840547,3.2170261446598682,118.74076341104126,79.54265709364002,8461.242105302315,0
608,65.49889027336528,16.40641714080251,210.46782312835978,47.14245405965342,1828.1338853922591,0
609,75.23920895983998,6.206817474387794,382.79059498228645,85.62742691186696,9562.918815133613,0
610,88.32763800405557,11.720214462881192,125.07584864874634,88.19559152071145,3766.7644042946245,0
611,42.751849788876925,17.841423576106248,435.73539694240094,64.27562819622584,3392.406611738363,0
612,95.95872792363298,13.715792642849495,101.52796906343325,38.580067359943584,624.3132727778034,0
613,83.95302726436354,11.593240157924036,198.7295476807609,52.47289460277487,4861.73654104883,0
614,45.72313223642104,7.838007556076761,396.3616224608286,77.86393580089285,1090.136156409287,0
615,101.15050368747441,7.9940344350475625,226.50805989172272,52.04344372182423,2485.39820927426,0
616,104.46106803722692,14.050765193567422,140.7569552264054,35.221033098167325,3169.426217672814,0
617,44.275457189840466,19.894508501981015,244.09356752017115,63.407094655691274,8088.263234916841,1
618,59.38143537030426,13.913105417288815,208.1573145538102,80.70725108976208,8754.886503958965,0
619,96.4340895855143,12.04010151266045,437.08476086422195,77.75558322861013,3024.663174614697,0
620,92.37817832685609,15.15170918430643,225.33916703405725,40.507388407821196,8586.981212445738,1
621,52.91647135494641,10.373701021106926,415.5729887104029,70.365876864748,8572.30937369791,0
622,54.65445263356972,3.082562166814134,456.7488579242939,43.23025580613883,7646.509503848735,0
623,65.93304719539674,12.121342685802377,273.52696783061185,43.09245207313033,1466.9511401518155,0
624,73.91660896337149,19.237255121096844,463.9772575417568,82.44430639831111,6903.22846900729,0
625,83.27783400712072,5.155452962437874,250.92722158527715,44.98013716441381,9450.240645805688,0
626,65.82395476988407,14.420088034771982,485.6313665960433,45.794840791080674,6825.40478767157,0
627,72.37743012932035,5.6168063958630166,135.7158098102292,30.039203445677973,3316.1684910783397,0
628,92.32296566936296,11.644898320515463,374.80770660129707,82.24014204753107,5005.793174308313,0
629,42.56782420234185,3.740176093640953,297.5256161827715,77.55568879254808,6457.250433510536,0
630,57.67058610408145,10.106676852647333,255.05952218225883,67.63973610544068,5105.704087285036,0
631,89.93447101191867,15.61093992011443,353.08475149944036,75.01594583633053,1199.5294173096981,0
632,102.66447863810396,8.256287436301678,381.5428366537325,39.12291404546951,3120.6404465202063,0
633,75.81742094809663,13.968411040769924,101.74530786012363,57.499415675254525,8023.960305536325,0
634,77.24794396857209,16.318099294215124,166.78123549887948,51.07316324092685,8614.180460955175,1
635,47.502040793784325,18.68920075063015,385.21842025372746,35.62659157542099,1373.0003271557023,0
636,71.31886567764182,6.223557473398164,366.55416543128257,59.16782911289545,9523.867523987246,0
637,77.28320865185162,9.187686484567546,486.4190020514709,85.24437902055811,3288.2261784860934,0
638,56.97293525443108,4.743488239947514,404.4151161003132,32.40354714304167,6623.1373873072,0
639,58.84702616645667,19.864703038850752,480.3090830925352,47.48765480962763,7518.251459566812,0
640,66.40989141732359,18.686017422637317,381.01620061392276,42.45245617234221,8119.462346378834,1
641,41.40498384444085,11.719228345050073,219.22088345577725,44.28879921994178,9457.497022259302,0
642,62.54554159082248,17.156599298775582,142.14596890034258,84.50607311276252,3129.195480288226,0
643,54.801360489758125,11.377243590896759,412.72954533797423,58.08414325405741,8585.064545515545,0
644,62.924814652454025,13.224542384049675,357.6596885903664,57.97796477638913,1316.8690343620704,0
645,48.38334922734759,3.6042397780882993,119.2744049573185,75.63453854731694,7050.409063535927,0
646,102.33690965179264,15.594867568942544,244.02018636039134,39.26953224029555,7419.777295139859,0
647,81.5514717487834,4.298842705434227,482.71992619371446,59.235921246003045,6777.232412013204,0
648,87.53716234011426,16.86921734454551,300.1604582840805,55.799112847263586,2523.14736135153,0
649,95.24198670251369,16.076505578066946,273.09165440788183,65.81464143279936,8730.431470152034,1
650,74.89095392503401,14.757404559373576,283.0798420637176,89.97346219502631,1688.58463370395,0
651,46.084420166119656,2.650886849445718,183.55308960206548,76.16693364492284,536.3479152083083,0
652,77.59745792729834,7.4563104070159145,247.4828683459181,53.87194218104563,7174.649906119122,0
653,81.07887826146154,6.736026258395172,247.92530239487064,79.65318313644282,4754.757152327337,0
654,92.1807631929031,8.482455334487344,120.94200807498896,40.24250179874881,8490.98019958676,0
655,70.21616823607755,3.5775694417490937,407.0270514071673,31.827821178537608,3833.9714105825897,0
656,48.93062119568946,18.86524081455913,266.6017727615516,42.26690234785639,1682.7858850771283,0
657,59.864313405910714,11.968440332822773,428.8719547265693,50.42469336685558,8364.421924698698,0
658,65.41576074790446,7.499437591844424,440.13920044795816,60.634845447573596,5489.096316400717,0
659,85.2142068932121,9.145667307337101,184.79762187946324,66.90774843247199,1891.9579239035488,0
660,79.95448132682384,10.049645729087041,362.9413928680514,84.63634303286531,7203.839985864458,0
661,64.92677081284924,12.810698000491112,288.9127216651927,60.59124057302746,5111.136384895005,0
662,109.05606741550858,11.282229698536959,452.062695168594,60.076538677543766,6043.129822403198,0
663,82.4042373549821,18.54905551785951,186.29627167058163,33.01458058937893,4608.983382065819,0
664,56.60587542151961,10.945342692304944,371.1252801240177,32.09469315937343,8287.089838180063,0
665,47.12477308342826,19.858844266819627,343.100848901089,63.06959771498232,8295.627156830498,1
666,50.70013974290324,17.325649239411725,218.12059102873312,56.290716794900675,7093.888218243862,0
667,57.21704098691557,5.7531892584320445,154.64036146046905,80.35082369881792,1054.0137739646227,0
668,51.2476961281689,18.75071386359049,360.65590419091063,39.64077508271071,8388.538619040688,1
669,53.0596916835914,4.094595161938569,395.4389832529323,31.498299727022975,6710.129805329098,0
670,59.956661808569294,16.714094752841447,226.25093750534,56.94232607580756,6970.241660042995,0
671,52.13615167063284,8.851219282578441,357.9330416089255,44.24871340513545,3629.828404038716,0
672,102.77357972384976,17.803537768011253,258.0523630446013,32.97686240033025,8792.795561570067,1
673,45.61636219631495,17.625020421934106,385.28275331304707,73.47589721085774,7253.716002348575,0
674,76.71579726991783,16.506657202117182,179.68610995762123,36.69557999743485,1125.9046652919446,0
675,68.72777788927631,16.220547853527105,456.08600105446976,66.49917000046631,4077.7803440616267,0
676,108.76650318360245,7.484224503764734,214.96383858623187,46.86298501001335,8863.803619601416,0
677,47.842723151763664,3.456547094922539,247.11439510246117,40.40976302130132,471.96701697378995,0
678,67.84989193320192,9.253643217772906,123.23678083213991,52.78509137515905,9614.166196420494,0
679,107.86293032927583,5.123441269757156,144.60488492851056,78.08674657337721,6791.625683195628,0
680,100.58549881257862,14.509119600244311,306.34476108493124,53.52561461427436,6313.759776433766,0
681,97.19504496644959,8.22979507768014,207.0370706911886,75.04617895266334,2705.592564879914,0
682,58.05319789314579,19.560983615478467,434.1920902968778,37.52917780794904,2487.917887391771,0
683,51.96213111730461,13.537497392215975,105.87735546198154,76.36628517990475,9420.582194885954,0
684,86.80502539471017,16.8046501454185,251.6376194687745,44.215999494398915,2982.7245423412273,0
685,105.05631923893101,4.385444109353272,234.93821870763708,70.64358779333236,7755.052967189994,0
686,78.97340251097509,17.516260680907205,107.73105236704042,63.94689329045978,3931.2179820707915,0
687,80.01288826289299,18.6096294292411,149.7473596002041,85.74868303270124,1392.5407078470398,0
688,59.59853655621989,10.767114538740847,265.4570699674541,53.23935107851884,107.1529769535895,0
689,93.86450532343558,12.912552879517595,297.1458337789786,33.969911330066424,5442.573370152508,0
690,53.093062399026635,15.766576416253917,261.71589890194764,31.149329133075174,9757.788185489328,1
691,62.657546548297056,5.147095290687426,312.37507136483754,79.6115136583652,3691.361938092045,0
692,69.78055070314917,11.046189376341964,338.0526699622726,61.484138259685935,3571.9233399304485,0
693,75.53272650791186,9.175934499901636,103.96952845113425,76.51464311009696,3440.916178494421,0
694,56.968681269055615,4.634731858920484,285.63806378140157,44.065536000690884,5205.438373048584,0
695,48.03857773174425,8.615619601247566,485.3996963550353,50.70502473079402,4406.648834242936,0
696,82.74340297091427,3.2271015689388842,307.6129120518195,31.806232332679137,8799.146267270145,0
697,60.2041387268179,2.464614325090766,371.0169069835813,87.68953947444673,5055.207917234903,0
698,80.68667549958286,4.4329932047868095,224.7455431667533,70.0720744020488,5077.578381885688,0
699,50.80539006919416,19.33607200860513,409.596551261105,85.99230526555837,1383.715947205566,0
700,73.67980712983723,11.891531646110305,409.168592750446,45.92978444574434,9827.39540910386,0
701,77.281260278611,19.38479890075796,308.51841906165555,66.68781667353966,2499.728908688297,0
702,43.62764757756988,9.784961809942375,490.4055293116854,70.70999809755827,733.6406745960267,0
703,63.56229947357444,7.612690395534672,150.22008590506135,49.05298201545531,6631.462489752088,0
704,49.409027385728194,11.110553531124394,106.7790659558324,80.8865541009378,5953.6637015687265,0
705,44.43624793309374,9.911210395392382,408.0632847028384,86.82968777401487,4151.456539927457,0
706,109.29721626729616,3.9019643167113904,422.86221494595304,83.09130706176026,4221.92233880678,0
707,62.56476914823061,13.534873664423712,148.0828916482305,74.34401855636236,7850.639210464312,0
708,96.69121120982444,5.888687285172793,206.23313318344242,46.64788078349724,1957.1264009964907,0
709,57.82484583346347,13.152583188160932,107.02094534665156,46.8969625263379,8202.533189448897,0
710,87.70519055567505,13.70361966316676,217.3234443122259,87.80161922676228,6487.471138950182,0
711,93.21595019227806,4.736447356315666,409.2567495674686,30.61706975614152,4189.6977377952435,0
712,81.6947118425491,3.104293287992027,307.18421108503156,72.96299839452867,4580.286165838686,0
713,73.01033319851109,16.053708549231917,239.23823726731524,72.37476975331573,2566.472071860958,0
714,68.8288639903088,10.276407627847764,248.69571796253211,67.36137245698785,7521.143326969748,0
715,64.42077865800967,3.046948319098564,100.54145028618726,89.40653076521195,5128.747423052678,0
716,105.06704009734781,19.90759370905581,219.92021102609436,48.712766145823515,3208.545427498436,0
717,98.14335854514104,3.0400500979345995,358.5834966551722,50.398311827594895,5960.501157609502,0
718,107.55188374665588,14.510634119453957,489.67777752654285,34.73636417679333,9957.34452051323,0
719,48.70080564398813,19.706220654741443,438.8243307935598,56.567888192624245,4352.622796565538,0
720,91.1607232642551,6.3052418758866615,109.43798585821165,45.662911574090884,9206.914007786196,0
721,105.68383197747265,4.560488636369531,459.4242418699357,50.60320213065865,3450.168399245661,0
722,52.68631463159621,4.18492890960372,413.2793653194504,80.07430741533766,547.3270692498588,0
723,44.654738715674426,7.45895265621672,412.15044942839216,86.12907081164974,2042.4210636842888,0
724,91.87844545030413,3.8188245981916404,283.1983036014286,41.143984320311134,4186.951433276842,0
725,80.21311792259382,14.458904150494375,259.2021171818011,52.35053589320795,2196.34928594569,0
726,98.92801437307904,3.1212523663411282,221.16629153327705,85.71783372692364,2.270382182555375,0
727,49.78406636384027,11.169598306696216,126.27794358174631,33.70850764135336,9150.015377475273,0
728,95.66871183019231,19.940543369353584,191.29414539747964,35.54163168668271,8438.79411230929,1
729,54.11391240334211,16.651464851108337,198.64145399120986,39.76745935237376,7422.922314869471,0
730,51.455916000599316,13.073949888158197,293.63082788408065,65.71277004761248,1678.1459564602862,0
731,51.49860585516951,7.51256517415901,398.9777626386776,39.02833626035985,1203.6357620998606,0
732,97.02023041619674,13.230125053249493,289.5239313591786,88.08458288704401,676.0474947238315,0
733,86.563805448734,11.48674635040973,123.13777977886424,56.802871635511224,7240.291887729212,0
734,76.61457973383835,9.669500910026686,483.11592039528153,60.09107762100999,9288.079606878853,0
735,65.11813388864518,4.352786781323591,477.0897276376449,44.79951694832439,4305.35820913037,0
736,101.40403785691758,17.9588758743284,414.07581725936336,58.25761514608401,1191.4067199604817,0
737,67.47115751958448,10.096123678783805,496.53116062568824,69.71481795822069,5123.928207321066,0
738,97.1619607630104,5.503205212773771,317.7929331201052,75.07062821724256,3488.319074586301,0
739,70.73944359991529,8.619668315791213,485.10734010128243,75.23208496259478,3748.249243499977,0
740,66.38611005974353,9.454335545520687,130.2420162467003,64.6734667616453,6213.306241557073,0
741,72.38758499687245,16.895682120203737,246.27229930454854,84.26158649963143,7187.181132622024,0
742,61.09645119148995,15.205058850105237,190.15250720270632,79.04447083836656,1106.0359887316085,0
743,92.33265661233759,15.847488085544116,178.33323365370802,75.42288688191752,355.9023080647639,0
744,75.19042730647354,2.19856275971565,156.32117955707042,33.33633130082764,9943.30302685715,0
745,56.25488866027721,9.490771967235707,348.9654566263987,30.41267773317896,2327.2834891555185,0
746,102.9702201292198,10.664194729435826,412.528742298922,42.74683663172838,538.3052490845907,0
747,66.87238549612479,2.3454609828150206,331.3193597681443,69.81141563480713,1898.7532909591998,0
748,78.04870027797921,6.6766377574106155,158.78508383528387,54.671849332952746,389.5784634846422,0
749,103.45304776751829,15.68521681619843,424.44950797338834,54.1443755579587,3918.1089461717165,0
750,83.69665971397944,4.467974703121983,354.38188286549143,83.07521329377683,8024.017844513242,0
751,48.18286284958548,11.63558236614665,255.2662824507982,83.73377088791032,3412.444497577206,0
752,105.78824865294325,5.873633696310275,369.6521182144252,84.55051584321515,4441.834068783665,0
753,83.93956371499925,2.218173943590079,203.96199169713316,48.832684590901636,6755.867735674388,0
754,63.44339302599603,6.341626236791747,238.0768833976842,71.46334876435571,5088.940700698802,0
755,49.74904508643711,19.56572758838097,466.9943372527961,46.29799087646218,8614.456860213242,1
756,95.58176324892071,16.427668013893815,216.20180226856814,41.43658998446699,8660.356750457566,1
757,83.40509291499595,19.272379597778603,287.99530726317465,41.07794744084215,99.10695491153643,0
758,77.34227643834251,10.781372790674524,456.0564549584059,50.52645725181564,7780.463064831992,0
759,102.57248081356704,3.9752515761950633,383.088540107011,55.7974571867893,4607.336002416739,0
760,95.20180478571714,11.863270801526474,124.88129046588111,79.8569502633041,9888.405413036631,0
761,50.61724158129258,10.178792022079296,158.92121771158813,37.19346560836273,4832.320758754351,0
762,61.82054474568838,17.198427489313087,103.13663630876673,74.09555084369364,9868.959453882975,1
763,57.3942397870126,3.7654864541164024,352.36871609166536,61.88729485135832,7545.6936120573655,0
764,92.07624048008739,10.788340466392007,279.06937016416737,47.27672056055955,2486.0488461330633,0
765,42.347270431504555,4.700875964491717,153.7099403609102,59.569175071969475,5383.949792869576,0
766,79.89227794099216,7.844166684021079,483.1736484227082,47.99652418662136,9921.356394785827,0
767,93.37210800184835,15.272427392980394,311.86388957824795,65.76491731429836,8575.306077519237,1
768,101.37359457332246,10.568326328637797,196.75731764515567,56.03063537131465,973.6689379122109,0
769,63.94572241011352,8.765989132623847,300.24142846188306,39.86433174473272,7063.719968099961,0
770,97.48801132704091,9.100573014260636,371.84813309404313,36.9949844733418,3455.7958587081307,0
771,47.744221586864505,10.27004183130776,130.49568718942578,62.80174092432781,69.82261880348118,0
772,99.25166042141628,16.130297789067022,209.8815260191568,84.1447819971662,4034.809690269996,0
773,48.92420636323877,18.05752440092422,422.78619635359746,50.637461193461135,2347.544217249713,0
774,67.8101103392257,19.19602435707071,283.86594816106447,73.9800064333574,8188.692705204716,1
775,95.81067560456876,16.164260952595313,318.63085681291795,69.51968129638601,3373.306088457655,0
776,50.49421991441417,7.6773241234642295,273.1264008837877,85.89329485856885,8275.23693953817,0
777,56.0475976662849,14.386424709557758,117.55997705720205,79.25886103794845,5.979388347953085,0
778,90.55767978751464,9.876856232997055,166.2999119280624,63.99631553432778,3078.1915002611913,0
779,90.4025575582252,6.584071196828921,278.21665549675635,69.42182989404644,2411.6521430776193,0
780,84.8803343019708,17.135688429666608,183.67418616317113,83.90318799504209,2335.67361068611,0
781,88.576391112697,2.69167428132185,119.9916114638715,53.97112707521609,681.866197654627,0
782,77.99071103433172,18.231715858437624,437.4598656207295,49.60768235146664,1871.2427041050173,0
783,57.625934123486694,10.306594363245214,492.47701166564633,30.64866501811178,5555.495698856199,0
784,64.19871954527436,13.469626582549047,417.2571495986958,79.59306445148786,2913.610728377445,0
785,52.7118401760998,13.86837059970409,441.5139686818668,78.0588420242019,4173.94782329148,0
786,103.59153929335397,18.112119332717654,196.79085212681815,36.26727108600908,3768.668803471885,0
787,80.83742563362844,13.460054279009732,484.2507902052799,64.61144286796201,8759.049249998945,0
788,68.05959917345479,13.050804525681112,178.77028178137135,57.83890189001325,9052.989990105154,0
789,72.34040625508928,3.199736730092419,480.5719241447329,37.12254573054669,4929.569716558601,0
790,106.30983377282708,11.331344395013673,497.9277175863804,88.83409362364341,3301.5595031560442,0
791,50.73459821812561,4.7030420147067495,384.6891222984195,42.88175324780133,1068.0070400236364,0
792,81.0360882411758,15.273807836986741,492.4574927167288,34.034050805433665,9534.02879382095,1
793,75.41220752191262,11.21999457462814,327.81591182684144,65.69084277011457,602.2694490029745,0
794,82.80179648042534,14.24410002575036,203.81671327043614,74.33200062798196,2976.5027756828044,0
795,41.26771286745883,2.750112210842917,274.79835426624834,31.946606762831216,2980.6620117000416,0
796,101.0486736260906,3.5262562888244577,337.42437415151437,69.52305832362133,3204.012861402149,0
797,105.24827977385287,14.893820985128281,129.232624810806,61.93751255708727,1642.8684327240928,0
798,79.55932285124462,3.2975180479761206,348.9373058468984,36.195900532502904,7831.614309236972,0
799,88.76555767138245,3.282621099774655,492.4711347049178,40.35143261678172,1224.9786196598923,0
800,104.5749566824107,2.217952554227974,176.04305991349105,64.07845783896482,6349.066591531628,0
801,89.5067044019379,19.21702516939064,417.0380465153533,47.7814568107973,1238.4602670581746,0
802,50.6777330039983,15.275150470262124,463.15951751184775,86.29894371907896,705.3563759295656,0
803,80.34018521167692,8.358525353037155,477.48063712808835,79.12441376904304,9094.295036858764,0
804,82.47005324679992,7.337640463177794,484.0542417621789,89.01403239081978,1901.2876631870568,0
805,69.68914699116702,8.294658135425292,308.58385548858877,45.580250337024836,8212.501545597042,0
806,91.5510964937306,15.943763561261273,490.9231631966015,88.18341796787863,5446.308711071358,0
807,105.40569103383103,13.90467099926746,402.92408285377553,55.87403218749347,778.565196087696,0
808,104.78979590347434,5.333520221614423,164.66857449478476,50.85112771882528,9554.481914380674,0
809,71.55875599828924,5.133968036013519,290.76004258718797,33.0209716181612,2469.611669918925,0
810,47.926663208852865,3.7711216948411517,387.3324701488016,33.165915471576156,8596.453453526065,0
811,108.93888392736342,13.885448954624087,198.93612632763333,71.52067535679927,1688.1000578456417,0
812,98.72286605121539,15.758707919991247,356.24607341955493,57.475739666041676,8539.428821418529,1
813,48.72638768422868,6.770835709850072,366.6401916186477,43.591297562166346,132.28812905293984,0
814,104.45893178321606,2.3770092985564304,165.07989752342635,66.83821837951396,5117.804565694807,0
815,100.89274534434898,3.479090014575692,326.03412498110254,45.17148709500667,7694.425794215568,0
816,76.31866399882504,19.42148062721055,408.6507643914431,64.65790526066536,9347.955174927833,1
817,81.38928050214506,7.318005994593564,299.5582658143768,51.552524818961416,9092.02136206487,0
818,67.93018927090912,15.846016661086406,104.84124671044297,79.41313359670914,8196.24869547645,1
819,43.833314717542194,13.243944239376749,103.61538763171687,79.24176964600676,8881.91349661304,0
820,63.46380691521307,8.874913513752126,242.81173758800486,58.641023887344076,1992.196858370765,0
821,96.19974140186079,5.702370719519992,470.4776273727128,51.04914656010094,2841.842957117288,0
822,40.3242416103222,4.184955526869316,191.47071184144352,51.75358779354568,2889.685249210585,0
823,63.344942018380095,13.0702334246996,353.74547554867485,78.34287154009307,3770.539310016988,0
824,67.87180855136603,15.943408051480183,188.83034827732823,49.69076896785672,3933.206703851887,0
825,77.6176922056546,13.590276563740352,228.66799586381944,42.54356242241076,5445.553246546755,0
826,104.38989314889324,11.54543839848485,439.2168358405936,35.08130051251841,1598.7976336644138,0
827,64.24421960561729,2.755122021769453,391.54457690797875,58.0015872530645,6912.466637859893,0
828,64.28672413273594,19.43279799669891,138.15971092528426,58.927925935190515,1675.665393045065,0
829,91.62508736768238,16.37685544978234,271.48080839457344,80.45452262417443,3103.0848210454756,0
830,71.65525586228651,7.270796660617365,111.66790545810579,43.274321786763835,5033.451306061541,0
831,55.722337605798735,19.639465928459312,292.3560586412036,52.859476420103995,7964.405615234773,0
832,71.67076612928854,12.833868613453799,364.97360468042723,78.50434433362145,7394.6923323872725,0
833,49.85999142658599,12.483607847730436,147.40104943926062,79.41741664493841,6455.343564105223,0
834,52.34708905543563,15.465317229731578,215.55397556366626,53.076664558726094,1557.7326058017015,0
835,74.88574409176358,16.611856185622475,259.1346502008628,57.547441397200856,5470.4534561557775,0
836,69.32478146531835,13.816614931967047,467.8124098624199,48.197153450956975,874.4650179988545,0
837,104.039213074767,4.3057234345916005,497.30200616918563,85.95329270515873,3773.6317679665076,0
838,65.36757293816432,8.08881510790097,117.96451959824634,37.118625944494816,4135.165302899592,0
839,80.64118451946304,18.705505525868894,404.4031693981568,86.0249653800882,398.11439445753825,0
840,84.25850015436713,6.043081013189335,248.68962656093728,71.0319871101206,2739.880994699718,0
841,40.91661196118336,8.69900642907524,256.98327449179203,61.89432916120387,9556.494672664894,0
842,86.44761604116974,9.777383892995527,401.7059893388091,31.95954364706975,9536.326078296896,0
843,52.4625176808826,9.90928981450014,467.3705728581635,58.5357715093205,3523.270542525393,0
844,107.27492222286186,13.032912484901459,480.37143780101934,54.46488630016394,431.00108948324055,0
845,50.406390942717906,18.975365079404735,330.84903441532833,39.67312871850736,1790.9493932818154,0
846,69.02368866089166,6.3324688129850895,242.84846372020112,69.38457621003941,3922.1779343354015,0
847,45.974476765505074,4.187024773416525,415.0196343435117,88.26905444209714,9477.796979692297,0
848,109.78119762921631,5.554468817478872,200.4005533049201,63.73132866387151,1411.9906353718493,0
849,75.15365072318698,17.96464820376685,325.6296115334071,72.88519658663675,7635.158436682123,0
850,81.67695121240307,13.624594627793709,243.43138460994928,34.107027153961006,1086.8253937469208,0
851,44.69535341718992,7.146322206304882,362.65242948315046,55.06001974901969,9812.575773912768,0
852,92.49723292794245,16.687044901435108,196.15956515740277,36.981509109869755,3816.1649910913497,0
853,54.693391516691,17.50465993454185,176.6371782939303,66.76775013219063,7752.34538899056,0
854,102.86380026084996,17.237258096425006,467.2956346701748,86.30892949284927,3425.910828111318,0
855,54.3597748337405,18.54067760551198,140.72147317981475,69.70666394829831,6276.688771588087,0
856,53.34814044645666,6.540338363120508,302.38316309397266,34.608182898865294,1920.1608474003674,0
857,42.55847674936664,15.59075471743301,188.34111318520357,51.27997229910497,1460.2101929696255,0
858,73.04468615769994,10.28971095093452,115.57198533026698,63.03980276645109,9380.641395681312,0
859,79.53887932838315,17.155973952021107,114.40752731657055,54.19246536799513,9176.472779044334,1
860,44.599604759984665,15.112832188909037,170.08870884233093,80.01864062851034,8874.689402128824,1
861,94.28693316865073,15.976054036995043,446.7081418024001,78.88026028259935,6254.334501665935,0
862,71.73021843236194,13.810913078259286,212.99149759081067,66.7098612061933,8082.682112162783,0
863,76.7073188529306,5.193717850454724,480.1836682301183,52.40747670796232,690.3693691137491,0
864,70.85339228567597,11.81048454014489,332.6489171956774,45.32018242579465,3347.8904189067916,0
865,68.05341426127282,19.72405531144115,274.6456759075064,36.35245909278776,3137.0312475715623,0
866,79.17482319157526,18.87298519694814,332.03553386778185,51.29386100919324,6356.453219526133,0
867,50.86681721514988,2.77712724434621,306.6793540905071,54.79035103246317,3559.577734706405,0
868,52.73496913466898,4.966666683129868,403.5105015029301,70.54937550624442,1485.067816436808,0
869,100.32499347094621,4.371117922182115,212.9984263891409,69.48958945785441,5964.670754135437,0
870,106.2280823493543,15.06763837973532,241.22015664012096,34.20648837847541,8143.8392066908145,1
871,66.13165213958271,16.720135937425013,457.6377210133003,53.715558925869466,3821.234944599732,0
872,58.952127120048765,5.843204593592095,478.5826052601622,40.90673203304171,1322.687150984817,0
873,85.07996802673111,11.105348473132922,457.0232909945898,39.40876231900834,1966.8819731282306,0
874,68.61139197686674,17.1326545042016,267.77919758292546,79.63812898423475,2374.83305169384,0
875,41.77704489622414,15.19042780579251,412.14620120275265,32.514913002975455,2998.975929945362,0
876,50.93068181563332,11.76026969885327,290.53429332043953,55.15097255412728,6427.950705063091,0
877,90.11805601931783,12.626258428257913,299.0159408584409,40.09221934599109,6009.45484537719,0
878,86.12467593371059,11.15048984449304,181.87204362291357,82.75981294070844,6960.798615670392,0
879,41.89671947524384,7.35587212373877,336.45212130340656,63.422430796502105,3625.0198453151315,0
880,55.53805133530646,12.17039587146229,174.45435910133918,43.88283818261088,8239.976518799784,0
881,56.175235761165,14.399935436901632,232.62587962687752,60.14563722998258,2040.8766115576027,0
882,87.03249205191099,17.719812485494536,442.0120806479741,73.88918158218695,4690.40747518154,0
883,41.37973764280549,13.453244371626464,182.8303236843421,87.48708053516603,8009.387215414303,0
884,47.28760073892017,15.700187666776843,128.46331406937313,43.226760254725136,1801.5864773261924,0
885,95.99412597612326,4.8812894291823135,127.60303704512651,83.1709063277607,1098.6311374078296,0
886,52.49812634380335,10.308034539556218,476.31380820124315,86.05824685004941,8836.839676879898,0
887,85.69222754963123,2.167969156887679,302.7681751847339,84.98523267192397,3429.296627591959,0
888,56.67279467327086,6.440219561389214,263.7648287268073,68.12486141171459,6838.70124909032,0
889,46.960897493154164,15.076310872034087,424.3514324031674,67.78923926608246,253.48604263938478,0
890,57.02205336996178,19.852579124288543,434.3303711642064,54.192637991029365,6900.468884094496,0
891,90.55868522989614,3.7852057925698865,232.87641324624184,75.14387293822728,3161.013115469705,0
892,99.89875276744,9.22689768550319,377.4472229895181,61.877641101055914,557.4085358744175,0
893,98.11539051968941,16.40127743658487,408.4491263407546,70.64628427369766,6098.12761548117,0
894,67.80284707329184,5.672641423320179,361.86027474638183,55.70747423092773,2408.0381607317327,0
895,86.76595955994523,11.991529087441153,160.63802992003974,73.88978784258833,3868.0724205188,0
896,54.348900679107466,15.195283328534146,450.3532334068228,79.46829105627295,805.8081228651359,0
897,60.52034111827093,13.087738104683222,315.6378210944035,38.78617539616897,1471.6325109494533,0
898,102.74350729647838,5.38444522307749,212.98897054800148,79.97578293445369,2979.7723549584375,0
899,40.91013464575152,8.39692223634331,270.09127417507756,62.41779190741843,897.5950056015713,0
900,45.98559715981277,16.10825212073715,115.02843615956296,80.67995454541347,9108.262646863152,1
901,54.552037860221915,11.9760772543763,151.14672048896702,55.878102380460874,60.470431839784176,0
902,41.85725427116738,2.0941330437724295,406.21870020634435,52.7424291229821,4838.6021886431145,0
903,52.70048045628581,15.697833680505688,100.00465390214646,84.90364395103335,1232.4745813255145,0
904,80.81290926787845,2.6356043889243033,266.6263313929169,45.07015605290408,3076.7908947794854,0
905,69.49971854147486,15.423208089162179,309.00407243423535,80.65273951716858,9260.595598182656,1
906,102.48701977538823,5.644650082974273,121.85376800038892,59.041234350564245,1616.9455327398684,0
907,97.22104932169086,19.245322642148842,489.23126518893315,60.84572655307558,9658.323197183327,1
908,63.927214618851316,8.62293352343752,190.45013249986877,48.50809688936904,2057.943769894217,0
909,58.15964034019048,7.884769094085424,221.67948785451233,64.38253203714095,7415.661084668296,0
910,66.57846857170868,4.679984905984004,221.5770049020109,49.512671776572674,5466.772648973118,0
911,81.32064597603654,7.500875878823868,192.16666484693997,32.35616485449914,8844.787275967592,0
912,58.764454857601336,17.779713712907608,100.58952883452457,46.31991632066136,5539.93255503131,0
913,83.69042354943937,19.934018077290453,391.7379176351985,30.38274260439544,5345.592191563087,0
914,68.65881565338682,8.62957154912327,486.73819991971413,88.7012872234114,1954.580003683999,0
915,78.64330265963861,10.074991357181766,189.717393314018,87.94483258918484,1662.2936205165872,0
916,70.52885703947217,14.997276887649267,365.218876721369,53.7093178483383,9164.891511155141,0
917,60.61260316793424,17.95152404837134,396.75853078348604,73.70225126037876,3278.381988500341,0
918,106.39173148735097,12.674798015362114,439.37015163620987,50.7483659046255,3720.822549628959,0
919,93.45240559118326,9.047462567200927,269.05167880544366,70.26558942515857,7598.2365842838835,0
920,49.80792230365168,9.427193135275228,221.1723622561717,78.32580258275874,3388.2348242280736,0
921,100.79275831285389,14.521126636942524,230.11805360921244,86.80537468153445,9520.624466390027,0
922,74.12018387746596,2.0579287448770165,385.0485332394051,54.01273655098032,7379.277689988003,0
923,102.61865588258641,13.152608074277133,426.7117866022544,76.99787897736286,5974.2924257342,0
924,95.98986791631206,8.398874187944433,172.64558710264106,45.95570703792713,8808.951605447524,0
925,69.76494531284634,16.295551962987517,248.37640326310608,89.4199382276189,496.0590834948275,0
926,41.57285158240822,3.673831516816379,460.77607869966005,31.546175925861068,2570.6269218920875,0
927,58.80741515694623,12.587640805071029,422.6774078778957,66.21172839006726,4650.3633422091,0
928,77.91439502626068,10.657512017950227,493.94336110499034,69.57035889907962,2269.7853947152103,0
929,84.34347538783031,13.561859466294093,401.6993038728323,71.28273342444773,7439.051873021519,0
930,58.05213798032416,3.1673647006934305,257.2780804111689,37.22325472734534,9192.080310537252,0
931,49.75492518509769,12.439708173706363,336.2551335978551,86.31178700838782,4237.701199309234,0
932,98.44511657595095,12.106722583271427,364.4057016989281,40.870996743004966,3421.3260011189495,0
933,108.90815264924865,12.091881699491077,131.38232652684957,67.36520419439046,9615.507321375662,0
934,76.79831276118801,12.862777998736187,317.79878364154604,43.3605647473851,4448.524328275408,0
935,52.017550009381246,14.17642287007452,383.72833138904383,48.43298502127625,4890.484004492832,0
936,59.061512856355826,16.489801994253856,166.92852160042415,62.78751250368746,3516.4987234190535,0
937,41.28734735832267,6.856772962307858,412.25268697022284,55.03160511387459,9095.484730121383,0
938,104.00091645923493,16.850889383241118,333.50911220564467,39.61353605859038,5689.554832818508,0
939,48.24257580230988,10.968602280742164,480.88871427903786,40.2561841452509,7621.745871816446,0
940,80.35615328599775,3.387049024417961,116.96891928275667,55.088687289767975,8118.067183508863,0
941,59.18386544810442,3.0539167263916256,206.1304550221868,75.43697869653005,3418.490419172582,0
942,78.79246017610554,8.016289736529094,340.62155171992964,83.87787881086732,4336.9433132038,0
943,85.59942718463049,16.128145588006415,218.62396488237226,35.04765973556297,8484.717744062646,1
944,98.08192625950412,14.738256825336483,385.7696656284969,53.58623445356406,3632.5535167581024,0
945,54.44948902324222,16.19506936410332,403.6021130087724,36.014733823372595,7939.351334518513,0
946,40.76970800609363,11.310843015948969,141.00638562658978,30.995548837955873,9409.923225744371,0
947,49.58199410481651,9.92358196319883,305.5417856827071,69.7031209586374,6232.10373068007,0
948,103.00130492936736,4.654145480713111,303.55622223642234,66.14696651799527,7416.272874518889,0
949,101.17230542937607,7.907469564967608,247.71230808621644,39.78114682889317,8050.973120411349,0
950,81.81891715192158,9.812348591129755,473.16994502786883,44.02876998558385,8450.396488966426,0
951,82.03618023035574,3.59480773423311,431.0025279492885,31.422465218671103,3950.5333785679595,0
952,86.55256721823788,5.971015148801802,378.8837527638547,80.09683234166422,512.6345917599817,0
953,52.27598950364147,12.768055293147299,385.730654293999,88.4814357629131,4018.762712367395,0
954,104.00883621474719,15.241936056305416,284.68645752524765,38.127572207681446,6737.562297840897,0
955,69.31393674244512,19.970255205073094,468.39780843863036,43.888512825917886,4503.5038578079275,0
956,66.81969697746482,18.79603996418404,377.83817090131413,82.10457143681604,7489.631508603986,0
957,76.32423936979862,13.566173591633447,391.59242466232655,85.5878278773711,3569.824294686639,0
958,43.28761767425385,9.582464959293297,444.6763615149381,55.17764296840862,6347.441411040296,0
959,51.639835812925554,13.451192564748188,209.6286357368764,33.03734833614445,1864.1980485397457,0
960,91.66235314984593,16.141729125444176,422.8283615466812,32.36351002156916,7493.694366449569,0
961,45.79590675475885,4.130051436620972,178.09624118259683,64.43699196414062,5456.959688130259,0
962,82.22064766264717,9.378288014533188,238.13678089795513,53.57370653359074,2040.643885466006,0
963,57.17443767769247,17.116441141441108,234.2441817079371,31.719145654659272,2919.1117349780725,0
964,67.25069298293836,8.908993134794791,491.4101873556562,64.99514353875341,7486.087085818323,0
965,60.20856157394899,12.293700882089357,442.6148894991707,30.678152195341347,4826.012356615207,0
966,64.89709015254644,12.579848495519569,380.4679446361039,77.24231748895639,2160.314403930722,0
967,90.33321336289718,5.320572556405509,390.82270464615607,48.385969362202296,9672.711903702977,0
968,60.79852009362225,8.52023794974119,324.82911776102844,32.41548018055393,7151.250198168879,0
969,79.6483248207828,8.02120319735478,478.83626684340766,65.3011332589892,9571.348325397961,0
970,73.32352815393698,2.471540753577166,298.50350115294464,53.86106486598328,4271.050453603432,0
971,86.45698157538537,2.435451750044394,252.2070839479578,88.42802480142896,4751.003406917204,0
972,105.57808175273306,16.970546786163922,165.21413477263638,62.651919750222135,8979.552161850192,1
973,91.28004680471753,6.915274579510624,414.4822609044232,46.514350862220496,5250.493402453846,0
974,55.04582650135298,11.325417792298678,393.7775728302366,72.56633187803848,7072.789119056672,0
975,42.18281945428993,7.377060324597915,253.74201540965396,46.28952015256268,2521.7287749552997,0
976,58.358483100987755,18.93222641207613,110.07736558369174,84.25459748445391,4467.264687026405,0
977,81.65545514901784,6.667341659583927,435.5989310872043,52.483318230442585,1234.4986581035512,0
978,43.599806943897526,9.733822629300832,104.56719338162945,62.99211376657232,2059.8003587696167,0
979,74.74563730408654,17.709144508722833,381.4799118516204,33.03438622945373,9.43415267631087,0
980,81.77899942418225,17.154804202252556,488.10284389042283,55.56727427713385,392.6505164866023,0
981,63.397072357187255,5.349825521232992,275.06453125928135,79.9418123796597,9772.838231769292,0
982,93.96385426220753,16.447579576322788,193.9893619983811,78.33892832180052,2423.5369513676233,0
983,47.461877719364026,10.247363961282067,381.9484040173527,43.45911353121157,6633.10709504002,0
984,45.25964472150661,10.693439697536395,426.85125680623406,43.56474426063376,8390.996987996115,0
985,90.97321293425223,4.402639503486988,318.57212643113894,79.03831873279421,5506.604592365643,0
986,74.68439213443389,3.4508272476282436,486.81411010245847,85.82390521015952,1531.445000839562,0
987,88.18816774994153,15.102907525527772,120.66748866318444,35.72165527638021,7281.164373361664,0
988,70.43791370226224,10.936300742395396,301.91823932181126,57.00351836557351,6002.514100995831,0
989,57.24814232673748,9.863312647073233,387.38157892902,50.24725673785374,7312.505893473751,0
990,97.33716223719398,15.131148115743141,445.0561884596716,82.24130732744635,7697.466228570872,0
991,95.95911152782855,15.779232181839976,171.70224476311603,35.01149488080112,9754.103676847451,1
992,88.62875295980987,4.860347018048364,420.00139270547254,42.66755655348224,5735.6328002671,0
993,59.05015960609739,12.984052690597544,321.0828302874181,75.14810025518966,3416.411126906018,0
994,81.3161466808361,4.4363734809983395,258.62147279598526,33.077630938872936,6484.64556900237,0
995,65.26817278580188,15.524751548522822,152.68601143163744,59.55212284285736,684.4070924262613,0
996,46.41074513286439,13.825192812808512,446.11830356356495,56.5264220807832,8973.973183215863,0
997,104.211950282357,19.219063179502243,162.90928327188612,50.06407073932492,1193.8101133819678,0
998,49.5773041643273,3.2412442944155813,223.9151436836397,53.67433891913542,3278.4283788581824,0
999,106.51661476745618,3.0269849807225775,216.01821278497476,61.79643521581397,8157.453806261209,0
1000,71.22040410705691,7.079367344477602,448.56561367634174,39.68204150330298,5973.123783307118,0
